8796158591118;8796158853262;8798443635307;categories
8796158623886;8796158886030;8798443668075;products
8796158656654;8796158918798;8798443700843;categories
8796158689422;8796158951566;8798443733611;products
8796158722190;8796158984334;8798443766379;products
8796158754958;8796159017102;8798443799147;categories
8796158689886;;;;8796256960513->8796257550337
8796256960513;8796257550337;8798444618347;productReferences
8796158624350;;;;8796256993281->8796257583105
8796256993281;8796257583105;8798444749419;productReferences
8796158722654;;;;8796257026049->8796257615873
8796257026049;8796257615873;8798444978795;productReferences
