8796093055118;8796114813070;8796093055595;categories
8796093087886;8796114845838;8796093088363;categories
8796093120654;8796114878606;8796093121131;categories
8796093153422;8796114911374;8796093153899;categories
8796093186190;8796114944142;8796093252203;products
8796093218958;8796114976910;8796093350507;categories
8796093251726;8796115009678;8796093383275;products
8796093284494;8796115042446;8796093481579;products
8796093317262;8796115075214;8796093514347;products
8796093350030;8796115107982;8796093612651;products
8796093382798;8796115140750;8796093645419;categories
8796093415566;8796115173518;8796093743723;products
8796093448334;8796115206286;8796093842027;products
8796093481102;8796115239054;8796093940331;products
8796093513870;8796115271822;8796094038635;products
8796093546638;8796115304590;8796094136939;products
8796093579406;8796115337358;8796094235243;products
8796093612174;8796115370126;8796094333547;products,supercategories
8796093644942;8796115402894;8796094431851;categories
8796093677710;8796115435662;8796094530155;products
8796093710478;8796115468430;8796094628459;products
8796093743246;8796115501198;8796094726763;products
8796093776014;8796115533966;8796094825067;products
8796093808782;8796115566734;8796094857835;products
8796093841550;8796115599502;8796094956139;products
8796093874318;8796115632270;8796095054443;products
8796097708174;8796115665038;8796095087211;categories
8796097740942;8796115697806;8796095152747;products
8796097773710;8796115730574;8796095218283;products
8796097806478;8796115763342;8796095283819;products
8796097839246;8796115796110;8796095349355;products
8796097872014;8796115828878;8796095414891;products
8796097904782;8796115861646;8796095480427;products
8796097937550;8796115894414;8796095545963;products
8796097970318;8796115927182;8796095611499;products
8796098003086;8796115959950;8796095677035;products
8796098035854;8796115992718;8796095742571;products
8796098068622;8796116025486;8796095808107;products
8796098101390;8796116058254;8796095873643;products
8796098134158;8796116091022;8796095939179;products
8796098166926;8796116123790;8796096004715;products
8796098199694;8796116156558;8796096070251;products
8796098232462;8796116189326;8796096135787;products
8796093448798;;;;8796093677569->8796165734401
8796093481566;;;;8796093677569->8796165734401
8796093514334;;;;8796093677569->8796165734401
8796093547102;;;;8796093677569->8796165734401
8796093677569;8796165734401;8796135719531;productReferences
8796194897950;8796693889054;8796165407339;mediaContainer;8796093972481->8796166029313
8796168618014;8796693921822;8796165440107;mediaContainer;8796093972481->8796166029313
8796247588894;8796693954590;8796165472875;mediaContainer;8796093972481->8796166029313
8796273934366;8796693987358;8796165505643;mediaContainer;8796093972481->8796166029313
8796221243422;8796694020126;8796165538411;mediaContainer;8796093972481->8796166029313
8796096103006;;;;8796094234625->8796166291457
8796096135774;;;;8796094234625->8796166291457
8796096234078;;;;8796094234625->8796166291457
8796096266846;;;;8796094234625->8796166291457
8796096430686;;;;8796094234625->8796166291457
8796096463454;;;;8796094234625->8796166291457
8796096496222;;;;8796094234625->8796166291457
8796096528990;;;;8796094234625->8796166291457
8796094234625;8796166291457;8796192866923;productReferences
8796093579870;;;;8796094922753->8796166979585
8796094922753;8796166979585;8796258730603;productReferences
8796104098398;;;;8796095021057->8796167077889
8796095021057;8796167077889;8796267676267;productReferences
8796106261086;;;;8796095184897->8796167241729
8796106359390;;;;8796095184897->8796167241729
8796106392158;;;;8796095184897->8796167241729
8796106424926;;;;8796095184897->8796167241729
8796095184897;8796167241729;8796275475051;productReferences
8796099510878;;;;8796095447041->8796167503873
8796099576414;;;;8796095447041->8796167503873
8796099609182;;;;8796095447041->8796167503873
8796099641950;;;;8796095447041->8796167503873
8796095447041;8796167503873;8796306539115;productReferences
8796100067934;;;;8796095479809->8796167536641
8796100100702;;;;8796095479809->8796167536641
8796095479809;8796167536641;8796312896107;productReferences
8796093612638;;;;8796095807489->8796167864321
8796093645406;;;;8796095807489->8796167864321
8796093678174;;;;8796095807489->8796167864321
8796093710942;;;;8796095807489->8796167864321
8796093743710;;;;8796095807489->8796167864321
8796093776478;;;;8796095807489->8796167864321
8796093809246;;;;8796095807489->8796167864321
8796093842014;;;;8796095807489->8796167864321
8796093940318;;;;8796095807489->8796167864321
8796093973086;;;;8796095807489->8796167864321
8796094005854;;;;8796095807489->8796167864321
8796094038622;;;;8796095807489->8796167864321
8796094071390;;;;8796095807489->8796167864321
8796095807489;8796167864321;8796335047275;productReferences
8796096594526;;;;8796095840257->8796167897089
8796095840257;8796167897089;8796336652907;productReferences
8796105114206;;;;8796096102401->8796168159233
8796105146974;;;;8796096102401->8796168159233
8796105179742;;;;8796096102401->8796168159233
8796105212510;;;;8796096102401->8796168159233
8796105245278;;;;8796096102401->8796168159233
8796105278046;;;;8796096102401->8796168159233
8796105343582;;;;8796096102401->8796168159233
8796105474654;;;;8796096102401->8796168159233
8796105507422;;;;8796096102401->8796168159233
8796096102401;8796168159233;8796363588203;productReferences
8796105605726;;;;8796096135169->8796168192001
8796096135169;8796168192001;8796369846891;productReferences
8796095644254;;;;8796096200705->8796168257537
8796095677022;;;;8796096200705->8796168257537
8796095709790;;;;8796096200705->8796168257537
8796095742558;;;;8796096200705->8796168257537
8796095775326;;;;8796096200705->8796168257537
8796095808094;;;;8796096200705->8796168257537
8796096200705;8796168257537;8796378038891;productReferences
8796098495070;;;;8796096233473->8796168290305
8796098560606;;;;8796096233473->8796168290305
8796098593374;;;;8796096233473->8796168290305
8796098626142;;;;8796096233473->8796168290305
8796098658910;;;;8796096233473->8796168290305
8796098691678;;;;8796096233473->8796168290305
8796096233473;8796168290305;8796384428651;productReferences
8796102263390;;;;8796096266241->8796168323073
8796102296158;;;;8796096266241->8796168323073
8796102328926;;;;8796096266241->8796168323073
8796102361694;;;;8796096266241->8796168323073
8796102394462;;;;8796096266241->8796168323073
8796102459998;;;;8796096266241->8796168323073
8796102558302;;;;8796096266241->8796168323073
8796102623838;;;;8796096266241->8796168323073
8796102656606;;;;8796096266241->8796168323073
8796096266241;8796168323073;8796388590187;productReferences
8796093055582;;;;8796096856065->8796168912897
8796093088350;;;;8796096856065->8796168912897
8796104131166;;;;8796096856065->8796168912897
8796104163934;;;;8796096856065->8796168912897
8796104196702;;;;8796096856065->8796168912897
8796104229470;;;;8796096856065->8796168912897
8796104262238;;;;8796096856065->8796168912897
8796104295006;;;;8796096856065->8796168912897
8796104327774;;;;8796096856065->8796168912897
8796104360542;;;;8796096856065->8796168912897
8796104393310;;;;8796096856065->8796168912897
8796104426078;;;;8796096856065->8796168912897
8796104458846;;;;8796096856065->8796168912897
8796096856065;8796168912897;8796409135723;productReferences
8796096660062;;;;8796096888833->8796168945665
8796096692830;;;;8796096888833->8796168945665
8796096888833;8796168945665;8796410020459;productReferences
8796097806942;;;;8796097314817->8796169371649
8796097839710;;;;8796097314817->8796169371649
8796097872478;;;;8796097314817->8796169371649
8796097905246;;;;8796097314817->8796169371649
8796097938014;;;;8796097314817->8796169371649
8796097970782;;;;8796097314817->8796169371649
8796098003550;;;;8796097314817->8796169371649
8796098036318;;;;8796097314817->8796169371649
8796098101854;;;;8796097314817->8796169371649
8796098134622;;;;8796097314817->8796169371649
8796098167390;;;;8796097314817->8796169371649
8796098200158;;;;8796097314817->8796169371649
8796098232926;;;;8796097314817->8796169371649
8796097314817;8796169371649;8796440920683;productReferences
8796098462302;;;;8796097544193->8796169601025
8796097544193;8796169601025;8796461990507;productReferences
8796100690526;;;;8796098297857->8796170354689
8796100723294;;;;8796098297857->8796170354689
8796100756062;;;;8796098297857->8796170354689
8796098297857;8796170354689;8796543418987;productReferences
8796097151582;;;;8796098363393->8796170420225
8796097184350;;;;8796098363393->8796170420225
8796097217118;;;;8796098363393->8796170420225
8796097249886;;;;8796098363393->8796170420225
8796097282654;;;;8796098363393->8796170420225
8796097315422;;;;8796098363393->8796170420225
8796097348190;;;;8796098363393->8796170420225
8796097380958;;;;8796098363393->8796170420225
8796097446494;;;;8796098363393->8796170420225
8796097479262;;;;8796098363393->8796170420225
8796097610334;;;;8796098363393->8796170420225
8796097643102;;;;8796098363393->8796170420225
8796097675870;;;;8796098363393->8796170420225
8796097708638;;;;8796098363393->8796170420225
8796098363393;8796170420225;8796556591723;productReferences
8796096758366;;;;8796098527233->8796170584065
8796096823902;;;;8796098527233->8796170584065
8796096856670;;;;8796098527233->8796170584065
8796096889438;;;;8796098527233->8796170584065
8796096922206;;;;8796098527233->8796170584065
8796096987742;;;;8796098527233->8796170584065
8796097020510;;;;8796098527233->8796170584065
8796098527233;8796170584065;8796588245611;productReferences
8796098429534;;;;8796098658305->8796170715137
8796098658305;8796170715137;8796624585323;productReferences
8796104491614;;;;8796098723841->8796170780673
8796104524382;;;;8796098723841->8796170780673
8796104589918;;;;8796098723841->8796170780673
8796104622686;;;;8796098723841->8796170780673
8796104753758;;;;8796098723841->8796170780673
8796104786526;;;;8796098723841->8796170780673
8796104819294;;;;8796098723841->8796170780673
8796104852062;;;;8796098723841->8796170780673
8796104884830;;;;8796098723841->8796170780673
8796104917598;;;;8796098723841->8796170780673
8796098723841;8796170780673;8796637201003;productReferences
8796100330078;;;;8796098854913->8796170911745
8796100362846;;;;8796098854913->8796170911745
8796100395614;;;;8796098854913->8796170911745
8796100428382;;;;8796098854913->8796170911745
8796100461150;;;;8796098854913->8796170911745
8796100493918;;;;8796098854913->8796170911745
8796098854913;8796170911745;8796659712619;productReferences
8796101640798;;;;8796098887681->8796170944513
8796101673566;;;;8796098887681->8796170944513
8796101706334;;;;8796098887681->8796170944513
8796101739102;;;;8796098887681->8796170944513
8796101771870;;;;8796098887681->8796170944513
8796098887681;8796170944513;8796665938539;productReferences
8796101870174;;;;8796098920449->8796170977281
8796101902942;;;;8796098920449->8796170977281
8796101935710;;;;8796098920449->8796170977281
8796101968478;;;;8796098920449->8796170977281
8796102001246;;;;8796098920449->8796170977281
8796098920449;8796170977281;8796671476331;productReferences
8796102099550;;;;8796098953217->8796171010049
8796102132318;;;;8796098953217->8796171010049
8796102165086;;;;8796098953217->8796171010049
8796102197854;;;;8796098953217->8796171010049
8796102230622;;;;8796098953217->8796171010049
8796098953217;8796171010049;8796677014123;productReferences
8796099773022;;;;8796098985985->8796171042817
8796099805790;;;;8796098985985->8796171042817
8796099838558;;;;8796098985985->8796171042817
8796099871326;;;;8796098985985->8796171042817
8796099936862;;;;8796098985985->8796171042817
8796099969630;;;;8796098985985->8796171042817
8796100002398;;;;8796098985985->8796171042817
8796100035166;;;;8796098985985->8796171042817
8796098985985;8796171042817;8796682617451;productReferences
8796099215966;;;;8796099018753->8796171075585
8796099248734;;;;8796099018753->8796171075585
8796099281502;;;;8796099018753->8796171075585
8796099314270;;;;8796099018753->8796171075585
8796099379806;;;;8796099018753->8796171075585
8796099412574;;;;8796099018753->8796171075585
8796099445342;;;;8796099018753->8796171075585
8796099478110;;;;8796099018753->8796171075585
8796099018753;8796171075585;8796688319083;productReferences
8796095054430;;;;8796099051521->8796171108353
8796095087198;;;;8796099051521->8796171108353
8796095119966;;;;8796099051521->8796171108353
8796095152734;;;;8796099051521->8796171108353
8796095185502;;;;8796099051521->8796171108353
8796095251038;;;;8796099051521->8796171108353
8796095414878;;;;8796099051521->8796171108353
8796095447646;;;;8796099051521->8796171108353
8796099051521;8796171108353;8796694872683;productReferences
8796101476958;;;;8796099084289->8796171141121
8796101509726;;;;8796099084289->8796171141121
8796099084289;8796171141121;8796702769771;productReferences
8796093121118;;;;8796099149825->8796171206657
8796093153886;;;;8796099149825->8796171206657
8796093186654;;;;8796099149825->8796171206657
8796103180894;;;;8796099149825->8796171206657
8796103246430;;;;8796099149825->8796171206657
8796103279198;;;;8796099149825->8796171206657
8796103311966;;;;8796099149825->8796171206657
8796103344734;;;;8796099149825->8796171206657
8796103377502;;;;8796099149825->8796171206657
8796103443038;;;;8796099149825->8796171206657
8796103475806;;;;8796099149825->8796171206657
8796103508574;;;;8796099149825->8796171206657
8796103541342;;;;8796099149825->8796171206657
8796103574110;;;;8796099149825->8796171206657
8796103606878;;;;8796099149825->8796171206657
8796103639646;;;;8796099149825->8796171206657
8796103672414;;;;8796099149825->8796171206657
8796103737950;;;;8796099149825->8796171206657
8796103836254;;;;8796099149825->8796171206657
8796103869022;;;;8796099149825->8796171206657
8796103901790;;;;8796099149825->8796171206657
8796103934558;;;;8796099149825->8796171206657
8796104000094;;;;8796099149825->8796171206657
8796104032862;;;;8796099149825->8796171206657
8796104065630;;;;8796099149825->8796171206657
8796099149825;8796171206657;8796709421675;productReferences
8796093252190;;;;8796099182593->8796171239425
8796102754910;;;;8796099182593->8796171239425
8796102787678;;;;8796099182593->8796171239425
8796102820446;;;;8796099182593->8796171239425
8796102853214;;;;8796099182593->8796171239425
8796102885982;;;;8796099182593->8796171239425
8796103049822;;;;8796099182593->8796171239425
8796103148126;;;;8796099182593->8796171239425
8796099182593;8796171239425;8796717482603;productReferences
8796093350494;;;;8796099215361->8796171272193
8796098724446;;;;8796099215361->8796171272193
8796098757214;;;;8796099215361->8796171272193
8796098789982;;;;8796099215361->8796171272193
8796098822750;;;;8796099215361->8796171272193
8796098855518;;;;8796099215361->8796171272193
8796099019358;;;;8796099215361->8796171272193
8796099117662;;;;8796099215361->8796171272193
8796099215361;8796171272193;8796725052011;productReferences
8796095873630;;;;8796099805185->8796171862017
8796095939166;;;;8796099805185->8796171862017
8796096004702;;;;8796099805185->8796171862017
8796096037470;;;;8796099805185->8796171862017
8796096070238;;;;8796099805185->8796171862017
8796099805185;8796171862017;8796766831211;productReferences
8796094399070;;;;8796099837953->8796171894785
8796094431838;;;;8796099837953->8796171894785
8796094497374;;;;8796099837953->8796171894785
8796094530142;;;;8796099837953->8796171894785
8796094562910;;;;8796099837953->8796171894785
8796094595678;;;;8796099837953->8796171894785
8796094661214;;;;8796099837953->8796171894785
8796094726750;;;;8796099837953->8796171894785
8796099837953;8796171894785;8796773745259;productReferences
8796094136926;;;;8796099870721->8796171927553
8796094202462;;;;8796099870721->8796171927553
8796094267998;;;;8796099870721->8796171927553
8796094300766;;;;8796099870721->8796171927553
8796094333534;;;;8796099870721->8796171927553
8796099870721;8796171927553;8796780954219;productReferences
8796100821598;;;;8796100165633->8796172222465
8796100854366;;;;8796100165633->8796172222465
8796100887134;;;;8796100165633->8796172222465
8796100985438;;;;8796100165633->8796172222465
8796101018206;;;;8796100165633->8796172222465
8796101214814;;;;8796100165633->8796172222465
8796101247582;;;;8796100165633->8796172222465
8796101280350;;;;8796100165633->8796172222465
8796101345886;;;;8796100165633->8796172222465
8796100165633;8796172222465;8796812378731;productReferences
8796151250974;8796752150558;8796849603179;mediaContainer;8796100362241->8796172419073
8796170649630;8796752183326;8796849635947;mediaContainer;8796100362241->8796172419073
8796249620510;8796752216094;8796849668715;mediaContainer;8796100362241->8796172419073
8796275965982;8796752248862;8796849701483;mediaContainer;8796100362241->8796172419073
8796223275038;8796752281630;8796849734251;mediaContainer;8796100362241->8796172419073
8796105638494;;;;8796100493313->8796172550145
8796105671262;;;;8796100493313->8796172550145
8796105704030;;;;8796100493313->8796172550145
8796105736798;;;;8796100493313->8796172550145
8796105769566;;;;8796100493313->8796172550145
8796105933406;;;;8796100493313->8796172550145
8796106031710;;;;8796100493313->8796172550145
8796100493313;8796172550145;8796876604011;productReferences
8796683632670;8796760834078;8797046309483;mediaContainer
8796683698206;8796760866846;8797046342251;mediaContainer
8796683763742;8796760899614;8797046375019;mediaContainer
8796683829278;8796760932382;8797046407787;mediaContainer
8796683894814;8796760965150;8797046440555;mediaContainer
8796683960350;8796760997918;8797046473323;mediaContainer
