<thirdparty-licenses>
    <module name='ant'
            licenseType='apache-2.0'
            version='1.8.2'
            projectHome='http://ant.apache.org/'
            description='ANT (compile time)'>
        <jar name='ant.jar' />
    </module>
    <module name='ant-launcher'
            licenseType='apache-2.0'
            version='1.8.2'
            projectHome='http://ant.apache.org/'
            description='ANT launcher (compile time)'>
        <jar name='ant-launcher.jar' />
    </module>
    <module name='ant-junit'
            licenseType='apache-2.0'
            version='1.8.2'
            projectHome='http://ant.apache.org/'
            description='ANT junit support (compile time)'>
        <jar name='ant-junit.jar' />
    </module>

     <module name='BND'
            licenseType='apache-2.0'
            version='1.44.0'
            projectHome='http://www.aqute.biz/Bnd/Bnd'
            description='Used to generate an OSGI compliant conf/MANIFEST.MF'>
        <jar name='bnd.jar' />
    </module>
    <module name='Bouncy castle'
            licenseType='bouncycastle'
            version='1.17'
            projectHome='http://www.bouncycastle.org'
            description='Encryption algorithms. Used by ENCRYPT and AUTH (runtime)'>
        <jar name='bouncycastle.jar' />
    </module>
    <module name='Beanshell'
            licenseType='lgpl (dual license, but LGPL may be chosen)'
            version='2.0b5'
            projectHome='http://www.beanshell.org'
            description='Lightweight Scripting for Java. Uused mainly by the BSH protocol (uncomplete) (runtime)'>
        <jar name='bsh.jar' />
    </module>
    <module name='byteman'
            licenseType='LGPL 2.1'
            version='2.1.0'
            projectHome='http://www.jboss.org/byteman'>
        <jar name='byteman.jar' />
    </module>
    <module name='byteman-bmunit'
            licenseType='LGPL 2.1'
            version='2.1.0'
            projectHome='http://www.jboss.org/byteman'>
        <jar name='byteman-bmunit.jar' />
    </module>
    <module name='byteman-install'
            licenseType='LGPL 2.1'
            version='2.1.0'
            projectHome='http://www.jboss.org/byteman'>
        <jar name='byteman-install.jar' />
    </module>
    <module name='byteman-submit'
            licenseType='LGPL 2.1'
            version='2.1.0'
            projectHome='http://www.jboss.org/byteman'>
        <jar name='byteman-submit.jar' />
    </module>
    <module name='creative-commons'
            licenseType='creative-commons'
            version='2.5'
            projectHome='http://creativecommons.org/licenses/by/2.5/'
            description='Annotations of JCIP'>
        <jar name='none (part of src tree: org.jgroups.annotations)' />
    </module>
    <module name='log4j'
        licenseType='apache-2.0'
        version='1.2.14'
        projectHome='http://logging.apache.org/'
        description='Java logging framework (runtime)'>
        <jar name='log4j.jar' />
    </module>
    <module name='serializer'
            licenseType='apache-2.0'
            version='1.6.5'
            projectHome='http://ant.apache.org/'
            description='ANT (compile time), needed for generation of test reports'>
        <jar name='serializer.jar' />
    </module>
    <module name='testng'
            licenseType='apache-2.0'
            version='6.8'
            projectHome='http://www.testng.org'
            description='Used for unit testing'>
        <jar name='testng-6.8.jar' />
    </module>
    <module name='xalan'
            licenseType='apache-2.0'
            version='2.4.D1'
            projectHome='http://xml.apache.org/xalan-j/'
            description='Xalan-Java is an XSLT processor for transforming XML documents.
                         Used to generate HTML test reports from XML (testing time)'>
        <jar name='xalan.jar' />
	</module>
</thirdparty-licenses>
