8796099216448;8796105311296;8797549101675;parent;8796109767740->8796131689532,8796097807424->8796105278528,8796097840192->8796105245760,8796097774656->8796105212992,8796110390332->8796131656764,8796094956586->8796105147434
8796099609664;8796105507904;8797549298283;parent;8796110783548->8796131722300,8796098167872->8796105475136,8796098200640->8796105442368,8796097905728->8796105376832,8796097938496->8796105344064,8796097774656->8796105212992,8796110390332->8796131656764,8796094956586->8796105147434
8796099675200;8796105606208;8797549462123;parent;8796112749628->8796131787836,8796098233408->8796105573440,8796098266176->8796105540672,8796097905728->8796105376832,8796097938496->8796105344064,8796097774656->8796105212992,8796110390332->8796131656764,8796094956586->8796105147434
8796099839040;8796105704512;8797549724267;parent;8796112847932->8796131853372,8796098364480->8796105671744,8796098397248->8796105638976,8796097905728->8796105376832,8796097938496->8796105344064,8796097774656->8796105212992,8796110390332->8796131656764,8796094956586->8796105147434
8796099380288;8796105835584;8797550215787;parent;8796112553020->8796132148284,8796099150912->8796105802816,8796109636668->8796132049980,8796097741888->8796105770048,8796109571132->8796132017212,8796097905728->8796105376832,8796097938496->8796105344064,8796097774656->8796105212992,8796110390332->8796131656764,8796094956586->8796105147434
8796100428864;8796106163264;8797550412395;parent;8796111242300->8796132344892,8796098757696->8796106130496,8796112651324->8796132312124,8796098298944->8796106032192,8796110259260->8796132279356,8796099150912->8796105802816,8796109636668->8796132049980,8796097741888->8796105770048,8796109571132->8796132017212,8796097905728->8796105376832,8796097938496->8796105344064,8796097774656->8796105212992,8796110390332->8796131656764,8796094956586->8796105147434
8796098757696;8796106130496;8797550477931;parent;8796112651324->8796132312124,8796098298944->8796106032192,8796110259260->8796132279356,8796099150912->8796105802816,8796109636668->8796132049980,8796097741888->8796105770048,8796109571132->8796132017212,8796097905728->8796105376832,8796097938496->8796105344064,8796097774656->8796105212992,8796110390332->8796131656764,8796094956586->8796105147434
8796099773504;8796106196032;8797550576235;parent;8796112651324->8796132312124,8796098298944->8796106032192,8796110259260->8796132279356,8796099150912->8796105802816,8796109636668->8796132049980,8796097741888->8796105770048,8796109571132->8796132017212,8796097905728->8796105376832,8796097938496->8796105344064,8796097774656->8796105212992,8796110390332->8796131656764,8796094956586->8796105147434
8796098298944;8796106032192;8797550641771;parent;8796110259260->8796132279356,8796099150912->8796105802816,8796109636668->8796132049980,8796097741888->8796105770048,8796109571132->8796132017212,8796097905728->8796105376832,8796097938496->8796105344064,8796097774656->8796105212992,8796110390332->8796131656764,8796094956586->8796105147434
8796099150912;8796105802816;8797550772843;parent;8796109636668->8796132049980,8796097741888->8796105770048,8796109571132->8796132017212,8796097905728->8796105376832,8796097938496->8796105344064,8796097774656->8796105212992,8796110390332->8796131656764,8796094956586->8796105147434
8796097741888;8796105770048;8797550936683;parent;8796109571132->8796132017212,8796097905728->8796105376832,8796097938496->8796105344064,8796097774656->8796105212992,8796110390332->8796131656764,8796094956586->8796105147434
8796099118144;8796106392640;8797551198827;parent;8796107703356->8796132770876,8796097578048->8796106359872,8796107736124->8796132738108,8796100002880->8796106327104,8796110521404->8796132639804,8796097971264->8796106294336,8796097774656->8796105212992,8796110390332->8796131656764,8796094956586->8796105147434
8796100002880;8796106327104;8797551329899;parent;8796110521404->8796132639804,8796097971264->8796106294336,8796097774656->8796105212992,8796110390332->8796131656764,8796094956586->8796105147434
8796099544128;8796106490944;8797551493739;parent;8796107801660->8796132836412,8796098102336->8796106458176,8796097774656->8796105212992,8796110390332->8796131656764,8796094956586->8796105147434
8796100691008;8796106654784;8797551788651;parent;8796112421948->8796132901948,8796098593856->8796106622016,8796098561088->8796106589248,8796097774656->8796105212992,8796110390332->8796131656764,8796094956586->8796105147434
8796100658240;8796106720320;8797552050795;parent;8796112258108->8796133065788,8796098626624->8796106687552,8796098561088->8796106589248,8796097774656->8796105212992,8796110390332->8796131656764,8796094956586->8796105147434
8796100232256;8796106818624;8797552280171;parent;8796111701052->8796133262396,8796098462784->8796106785856,8796098790464->8796106753088,8796097774656->8796105212992,8796110390332->8796131656764,8796094956586->8796105147434
8796100265024;8796106884160;8797552509547;parent;8796111864892->8796133393468,8796098495552->8796106851392,8796098790464->8796106753088,8796097774656->8796105212992,8796110390332->8796131656764,8796094956586->8796105147434
8796100297792;8796106949696;8797552640619;parent;8796112061500->8796133557308,8796098528320->8796106916928,8796098790464->8796106753088,8796097774656->8796105212992,8796110390332->8796131656764,8796094956586->8796105147434
8796100330560;8796107048000;8797552804459;parent;8796111340604->8796133622844,8796098659392->8796107015232,8796098823232->8796106982464,8796097774656->8796105212992,8796110390332->8796131656764,8796094956586->8796105147434
8796100363328;8796107113536;8797552935531;parent;8796111406140->8796133688380,8796098692160->8796107080768,8796098823232->8796106982464,8796097774656->8796105212992,8796110390332->8796131656764,8796094956586->8796105147434
8796100396096;8796107179072;8797553066603;parent;8796111504444->8796133753916,8796098724928->8796107146304,8796098823232->8796106982464,8796097774656->8796105212992,8796110390332->8796131656764,8796094956586->8796105147434
8796100592704;8796107277376;8797553427051;parent;8796107899964->8796133819452,8796098888768->8796107244608,8796098856000->8796107211840,8796097774656->8796105212992,8796110390332->8796131656764,8796094956586->8796105147434
8796100625472;8796107342912;8797553623659;parent;8796108489788->8796134081596,8796098921536->8796107310144,8796098856000->8796107211840,8796097774656->8796105212992,8796110390332->8796131656764,8796094956586->8796105147434
8796100461632;8796107441216;8797554147947;parent;8796113568828->8796134212668,8796098954304->8796107408448,8796099085376->8796107375680,8796097774656->8796105212992,8796110390332->8796131656764,8796094956586->8796105147434
8796100494400;8796107506752;8797554344555;parent;8796113044540->8796134638652,8796098987072->8796107473984,8796099085376->8796107375680,8796097774656->8796105212992,8796110390332->8796131656764,8796094956586->8796105147434
8796100527168;8796107572288;8797554606699;parent;8796113175612->8796134769724,8796099019840->8796107539520,8796099085376->8796107375680,8796097774656->8796105212992,8796110390332->8796131656764,8796094956586->8796105147434
8796100559936;8796107637824;8797554836075;parent;8796113372220->8796134966332,8796099052608->8796107605056,8796099085376->8796107375680,8796097774656->8796105212992,8796110390332->8796131656764,8796094956586->8796105147434
8796099937344;8796107768896;8797555327595;parent;8796107605052->8796135130172,8796097709120->8796107736128,8796097643584->8796107703360,8796097774656->8796105212992,8796110390332->8796131656764,8796094956586->8796105147434
8796097774656;8796105212992;8797556769387;parent;8796110390332->8796131656764,8796094956586->8796105147434
8796099183680;8796107801664;8797557457515;parent;8796110390332->8796131656764,8796094956586->8796105147434
8796114093116;;;;8796095022122->8796105212970
8796114322492;;;;8796095022122->8796105212970
8796114289724;;;;8796095022122->8796105212970
8796114224188;;;;8796095022122->8796105212970
8796095022122;8796105212970;8797557719659;cmsComponents
8796115665980;;;;8796095382570->8796105573418
8796115665980;;;;8796095415338->8796105606186,8796115862588->8796137456700,8796095382570->8796105573418
8796115960892;;;;8796095415338->8796105606186,8796115862588->8796137456700,8796095382570->8796105573418
8796115993660;;;;8796095415338->8796105606186,8796115862588->8796137456700,8796095382570->8796105573418
8796115829820;;;;8796095415338->8796105606186,8796115862588->8796137456700,8796095382570->8796105573418
8796095415338;8796105606186;8797566698091;cmsComponents;8796115862588->8796137456700,8796095382570->8796105573418
8796115960892;;;;8796095382570->8796105573418
8796115993660;;;;8796095382570->8796105573418
8796115829820;;;;8796095382570->8796105573418
8796095382570;8796105573418;8797566763627;cmsComponents
8796686024734;8796958752798;8797591798379;mediaContainer
8796686090270;8796958785566;8797591831147;mediaContainer
8796686155806;8796958818334;8797591863915;mediaContainer
8796686221342;8796958851102;8797591896683;mediaContainer
8796686286878;8796958883870;8797591929451;mediaContainer
8796686352414;8796958916638;8797591962219;mediaContainer
