8796096562240;8796102329408;8797499294315;parent;8796101444668->8796122383420,8796094989376->8796102296640,8796095022144->8796102263872,8796094727232->8796102198336,8796094760000->8796102165568,8796094596160->8796102034496,8796101051452->8796122317884,8796094071850->8796102886442
8796096627776;8796102427712;8797499458155;parent;8796103410748->8796122448956,8796095054912->8796102394944,8796095087680->8796102362176,8796094727232->8796102198336,8796094760000->8796102165568,8796094596160->8796102034496,8796101051452->8796122317884,8796094071850->8796102886442
8796096791616;8796102526016;8797499720299;parent;8796103509052->8796122514492,8796095185984->8796102493248,8796095218752->8796102460480,8796094727232->8796102198336,8796094760000->8796102165568,8796094596160->8796102034496,8796101051452->8796122317884,8796094071850->8796102886442
8796097250368;8796102984768;8797500408427;parent;8796101903420->8796123006012,8796095579200->8796102952000,8796103312444->8796122973244,8796095120448->8796102853696,8796100920380->8796122940476,8796096103488->8796102624320,8796100297788->8796122711100,8796094563392->8796102591552,8796100232252->8796122678332,8796094727232->8796102198336,8796094760000->8796102165568,8796094596160->8796102034496,8796101051452->8796122317884,8796094071850->8796102886442
8796095579200;8796102952000;8797500473963;parent;8796103312444->8796122973244,8796095120448->8796102853696,8796100920380->8796122940476,8796096103488->8796102624320,8796100297788->8796122711100,8796094563392->8796102591552,8796100232252->8796122678332,8796094727232->8796102198336,8796094760000->8796102165568,8796094596160->8796102034496,8796101051452->8796122317884,8796094071850->8796102886442
8796096726080;8796103017536;8797500572267;parent;8796103312444->8796122973244,8796095120448->8796102853696,8796100920380->8796122940476,8796096103488->8796102624320,8796100297788->8796122711100,8796094563392->8796102591552,8796100232252->8796122678332,8796094727232->8796102198336,8796094760000->8796102165568,8796094596160->8796102034496,8796101051452->8796122317884,8796094071850->8796102886442
8796095120448;8796102853696;8797500637803;parent;8796100920380->8796122940476,8796096103488->8796102624320,8796100297788->8796122711100,8796094563392->8796102591552,8796100232252->8796122678332,8796094727232->8796102198336,8796094760000->8796102165568,8796094596160->8796102034496,8796101051452->8796122317884,8796094071850->8796102886442
8796096103488;8796102624320;8797500768875;parent;8796100297788->8796122711100,8796094563392->8796102591552,8796100232252->8796122678332,8796094727232->8796102198336,8796094760000->8796102165568,8796094596160->8796102034496,8796101051452->8796122317884,8796094071850->8796102886442
8796094563392;8796102591552;8797500932715;parent;8796100232252->8796122678332,8796094727232->8796102198336,8796094760000->8796102165568,8796094596160->8796102034496,8796101051452->8796122317884,8796094071850->8796102886442
8796096037952;8796103214144;8797501194859;parent;8796098364476->8796123431996,8796094399552->8796103181376,8796098397244->8796123399228,8796095972416->8796103148608,8796101182524->8796123300924,8796094792768->8796103115840,8796094596160->8796102034496,8796101051452->8796122317884,8796094071850->8796102886442
8796095972416;8796103148608;8797501325931;parent;8796101182524->8796123300924,8796094792768->8796103115840,8796094596160->8796102034496,8796101051452->8796122317884,8796094071850->8796102886442
8796096496704;8796103312448;8797501489771;parent;8796098462780->8796123497532,8796094923840->8796103279680,8796094596160->8796102034496,8796101051452->8796122317884,8796094071850->8796102886442
8796097512512;8796103476288;8797501784683;parent;8796103083068->8796123563068,8796095415360->8796103443520,8796095382592->8796103410752,8796094596160->8796102034496,8796101051452->8796122317884,8796094071850->8796102886442
8796097479744;8796103541824;8797502046827;parent;8796102919228->8796123726908,8796095448128->8796103509056,8796095382592->8796103410752,8796094596160->8796102034496,8796101051452->8796122317884,8796094071850->8796102886442
8796097053760;8796103640128;8797502276203;parent;8796102362172->8796123923516,8796095284288->8796103607360,8796095611968->8796103574592,8796094596160->8796102034496,8796101051452->8796122317884,8796094071850->8796102886442
8796097086528;8796103705664;8797502505579;parent;8796102526012->8796124054588,8796095317056->8796103672896,8796095611968->8796103574592,8796094596160->8796102034496,8796101051452->8796122317884,8796094071850->8796102886442
8796097119296;8796103771200;8797502636651;parent;8796102722620->8796124218428,8796095349824->8796103738432,8796095611968->8796103574592,8796094596160->8796102034496,8796101051452->8796122317884,8796094071850->8796102886442
8796097152064;8796103869504;8797502800491;parent;8796102001724->8796124283964,8796095480896->8796103836736,8796095644736->8796103803968,8796094596160->8796102034496,8796101051452->8796122317884,8796094071850->8796102886442
8796097184832;8796103935040;8797502931563;parent;8796102067260->8796124349500,8796095513664->8796103902272,8796095644736->8796103803968,8796094596160->8796102034496,8796101051452->8796122317884,8796094071850->8796102886442
8796097217600;8796104000576;8797503062635;parent;8796102165564->8796124415036,8796095546432->8796103967808,8796095644736->8796103803968,8796094596160->8796102034496,8796101051452->8796122317884,8796094071850->8796102886442
8796097414208;8796104098880;8797503423083;parent;8796098561084->8796124480572,8796095710272->8796104066112,8796095677504->8796104033344,8796094596160->8796102034496,8796101051452->8796122317884,8796094071850->8796102886442
8796097446976;8796104164416;8797503619691;parent;8796099150908->8796124742716,8796095743040->8796104131648,8796095677504->8796104033344,8796094596160->8796102034496,8796101051452->8796122317884,8796094071850->8796102886442
8796097283136;8796104262720;8797504143979;parent;8796104229948->8796124873788,8796095775808->8796104229952,8796095906880->8796104197184,8796094596160->8796102034496,8796101051452->8796122317884,8796094071850->8796102886442
8796097315904;8796104328256;8797504340587;parent;8796103705660->8796125299772,8796095808576->8796104295488,8796095906880->8796104197184,8796094596160->8796102034496,8796101051452->8796122317884,8796094071850->8796102886442
8796097348672;8796104393792;8797504602731;parent;8796103836732->8796125430844,8796095841344->8796104361024,8796095906880->8796104197184,8796094596160->8796102034496,8796101051452->8796122317884,8796094071850->8796102886442
8796097381440;8796104459328;8797504832107;parent;8796104033340->8796125627452,8796095874112->8796104426560,8796095906880->8796104197184,8796094596160->8796102034496,8796101051452->8796122317884,8796094071850->8796102886442
8796096070720;8796104590400;8797505323627;parent;8796098266172->8796125791292,8796094530624->8796104557632,8796094465088->8796104524864,8796094596160->8796102034496,8796101051452->8796122317884,8796094071850->8796102886442
8796094596160;8796102034496;8797506765419;parent;8796101051452->8796122317884,8796094071850->8796102886442
8796096136256;8796104623168;8797507453547;parent;8796101051452->8796122317884,8796094071850->8796102886442
8796104754236;;;;8796094137386->8796102951978
8796104983612;;;;8796094137386->8796102951978
8796104950844;;;;8796094137386->8796102951978
8796104885308;;;;8796094137386->8796102951978
8796094137386;8796102951978;8797507715691;cmsComponents
8796106261564;;;;8796094497834->8796103312426
8796106261564;;;;8796094530602->8796103345194,8796106327100->8796128117820,8796094497834->8796103312426
8796106425404;;;;8796094530602->8796103345194,8796106327100->8796128117820,8796094497834->8796103312426
8796106458172;;;;8796094530602->8796103345194,8796106327100->8796128117820,8796094497834->8796103312426
8796106294332;;;;8796094530602->8796103345194,8796106327100->8796128117820,8796094497834->8796103312426
8796094530602;8796103345194;8797516726891;cmsComponents;8796106327100->8796128117820,8796094497834->8796103312426
8796106425404;;;;8796094497834->8796103312426
8796106458172;;;;8796094497834->8796103312426
8796106294332;;;;8796094497834->8796103312426
8796094497834;8796103312426;8797516792427;cmsComponents
8796685074462;8796950069278;8797541302891;mediaContainer
8796685139998;8796950102046;8797541335659;mediaContainer
8796685205534;8796950134814;8797541368427;mediaContainer
8796685271070;8796950167582;8797541401195;mediaContainer
8796685336606;8796950200350;8797541433963;mediaContainer
8796685402142;8796950233118;8797541466731;mediaContainer
