<!DOCTYPE suite SYSTEM "http://testng.org/testng-1.0.dtd">
<suite name="functional"
       parallel="methods"
       thread-count="10" >

    <test name="functional" junit="false" time-out="1200000">
        <groups>
            <run>            	
                <include name="functional"/>                
                <exclude name="broken"/>
            </run>
        </groups>
        <packages>
            <package name="org.jgroups.tests.*"/>
            <package name="org.jgroups.blocks.*"/>
            <package name="org.jgroups.protocols.*"/>
        </packages>
    </test>
</suite>
