8796098265230;8796116222094;8797100376683;categories
8796098330766;8796116287630;8797100442219;products,supercategories
8796098363534;8796116320398;8797100474987;products,supercategories
8796098396302;8796116353166;8797100507755;products,supercategories
8796098429070;8796116385934;8797100540523;categories,supercategories
8796098461838;8796116418702;8797100573291;products,supercategories
8796098494606;8796116451470;8797100606059;categories,supercategories
8796098527374;8796116484238;8797100638827;products,supercategories
8796098560142;8796116517006;8797100671595;products
8796098592910;8796116549774;8797100704363;products,supercategories
8796098625678;8796116582542;8797100737131;products,supercategories
8796098658446;8796116615310;8797100769899;products,supercategories
8796098691214;8796116648078;8797100802667;products,supercategories
8796098723982;8796116680846;8797100835435;products,supercategories
8796098756750;8796116713614;8797100900971;categories
8796098920590;8796116877454;8797101130347;products
8796099051662;8796117008526;8797101294187;products
8796099084430;8796117041294;8797101359723;products
8796099215502;8796117172366;8797101523563;products
8796099248270;8796117205134;8797101589099;products
8796099346574;8796117303438;8797101720171;products
8796099641486;8796117598350;8797102047851;products
8796099739790;8796117696654;8797102178923;products
8796099805326;8796117762190;8797102277227;products
8796100264078;8796118220942;8797102768747;products
8796100296846;8796118253710;8797102834283;products
8796100329614;8796118286478;8797102899819;products
8796100362382;8796118319246;8797102965355;products
8796100591758;8796118548622;8797103227499;products
8796100657294;8796118614158;8797103325803;products
8796100821134;8796118777998;8797103522411;products
8796101116046;8796119072910;8797103850091;products
8796101148814;8796119105678;8797103915627;products
8796101705870;8796119662734;8797104505451;products
8796101738638;8796119695502;8797104570987;products
8796102131854;8796120088718;8797104996971;products
8796102885518;8796120842382;8797105783403;products
8796102918286;8796120875150;8797105848939;products
8796102983822;8796120940686;8797105947243;products
8796103409806;8796121366670;8797106405995;products
8796103508110;8796121464974;8797106537067;products
8796103573646;8796121530510;8797106635371;products
8796103671950;8796121628814;8797106766443;products
8796103737486;8796121694350;8797106864747;products
8796103770254;8796121727118;8797106930283;products
8796103835790;8796121792654;8797107028587;products
8796103901326;8796121858190;8797107126891;products
8796103999630;8796121956494;8797107257963;products
8796104065166;8796122022030;8797107356267;products
8796104196238;8796122153102;8797107520107;products
8796104458382;8796122415246;8797107815019;products
8796104622222;8796122579086;8797108011627;products
8796104818830;8796122775694;8797108241003;products
8796104884366;8796122841230;8797108339307;products
8796105277582;8796123234446;8797108765291;products
8796105343118;8796123299982;8797108863595;products
8796105441422;8796123398286;8797108994667;products
8796105605262;8796123562126;8797109191275;products
8796105834638;8796123791502;8797109486187;products
8796105867406;8796123824270;8797109518955;categories,supercategories
8796105900174;8796123857038;8797109551723;categories
8796105932942;8796123889806;8797109584491;products
8796105998478;8796123955342;8797109650027;products
8796106031246;8796123988110;8797109682795;products,supercategories
8796106096782;8796124053646;8797109748331;products
8796106162318;8796124119182;8797109813867;products,supercategories
8796106195086;8796124151950;8797109846635;supercategories
8796106227854;8796124184718;8797109879403;supercategories
8796106293390;8796124250254;8797109944939;products
8796106358926;8796124315790;8797110010475;products
8796106424462;8796124381326;8797110076011;products
8796106457230;8796124414094;8797110108779;categories
8796106489998;8796124446862;8797110141547;products,supercategories
8796106621070;8796124577934;8797110272619;products
8796106686606;8796124643470;8797110338155;supercategories
8796106850446;8796124807310;8797110501995;supercategories
8796106915982;8796124872846;8797110567531;products
8796106948750;8796124905614;8797110600299;categories
8796107079822;8796125036686;8797110731371;supercategories
8796107145358;8796125102222;8797110796907;categories
8796107178126;8796125134990;8797110829675;products
8796107243662;8796125200526;8797110895211;products
8796107309198;8796125266062;8797110960747;supercategories
8796107407502;8796125364366;8797111059051;categories
8796107636878;8796125593742;8797111288427;categories
8796107735182;8796125692046;8797111386731;products
8796107866254;8796125823118;8797111517803;categories
8796107899022;8796125855886;8797111550571;supercategories
8796107931790;8796125888654;8797111583339;products
8796107964558;8796125921422;8797111616107;products,supercategories
8796107997326;8796125954190;8797111648875;categories
8796108062862;8796126019726;8797111714411;products
8796108095630;8796126052494;8797111747179;categories
8796108193934;8796126150798;8797111845483;categories
8796108521614;8796126478478;8797112173163;products
8796108750990;8796126707854;8797112402539;categories
8796108783758;8796126740622;8797112435307;supercategories
8796108816526;8796126773390;8797112468075;products,supercategories
8796108849294;8796126806158;8797112500843;supercategories
8796108882062;8796126838926;8797112533611;supercategories
8796108914830;8796126871694;8797112566379;products,supercategories
8796108980366;8796126937230;8797112631915;categories
8796109078670;8796127035534;8797112730219;products
8796109144206;8796127101070;8797112795755;categories,supercategories
8796109209742;8796127166606;8797112861291;supercategories
8796109242510;8796127199374;8797112894059;categories,products
8796109406350;8796127363214;8797113057899;categories
8796109537422;8796127494286;8797113188971;products
8796109602958;8796127559822;8797113254507;categories
8796109734030;8796127690894;8797113385579;categories
8796110094478;8796128051342;8797113746027;categories
8796110291086;8796128247950;8797113942635;categories
8796110323854;8796128280718;8797113975403;products
8796110356622;8796128313486;8797114008171;supercategories
8796110520462;8796128477326;8797114172011;supercategories
8796110553230;8796128510094;8797114204779;categories
8796110618766;8796128575630;8797114270315;categories
8796110651534;8796128608398;8797114303083;supercategories
8796110684302;8796128641166;8797114335851;products
8796110717070;8796128673934;8797114368619;products
8796110782606;8796128739470;8797114434155;categories
8796110815374;8796128772238;8797114466923;supercategories
8796110848142;8796128805006;8797114499691;products
8796110880910;8796128837774;8797114532459;products
8796110979214;8796128936078;8797114630763;categories
8796111011982;8796128968846;8797114663531;supercategories
8796111044750;8796129001614;8797114696299;products
8796111077518;8796129034382;8797114729067;products
8796111110286;8796129067150;8797114761835;categories
8796111405198;8796129362062;8797115056747;products
8796111569038;8796129525902;8797115220587;products
8796111732878;8796129689742;8797115384427;categories
8796112093326;8796130050190;8797115744875;products
8796112224398;8796130181262;8797115875947;products
8796112355470;8796130312334;8797116007019;products
8796112388238;8796130345102;8797116039787;products
8796112519310;8796130476174;8797116170859;categories
8796112584846;8796130541710;8797116236395;products
8796112781454;8796130738318;8797116433003;products
8796112846990;8796130803854;8797116498539;categories
8796112912526;8796130869390;8797116564075;supercategories
8796113076366;8796131033230;8797116727915;products
8796113109134;8796131065998;8797116760683;supercategories
8796113141902;8796131098766;8797116793451;supercategories
8796113207438;8796131164302;8797116858987;products
8796113240206;8796131197070;8797116891755;products
8796113436814;8796131393678;8797117088363;supercategories
8796113469582;8796131426446;8797117121131;supercategories
8796113502350;8796131459214;8797117153899;categories
8796113633422;8796131590286;8797117284971;categories
8796113731726;8796131688590;8797117383275;products
8796113764494;8796131721358;8797117416043;products
8796113797262;8796131754126;8797117448811;categories
8796113961102;8796131917966;8797117612651;categories
8796114059406;8796132016270;8797117710955;categories
8796114092174;8796132049038;8797117743723;products
8796114124942;8796132081806;8797117776491;products
8796114157710;8796132114574;8797117809259;products
8796114190478;8796132147342;8797117842027;products
8796114223246;8796132180110;8797117907563;products
8796114256014;8796132212878;8797117973099;products
8796114288782;8796132245646;8797118038635;products
8796114321550;8796132278414;8797118104171;products
8796114354318;8796132311182;8797118169707;products
8796114387086;8796132343950;8797118235243;products
8796114419854;8796132376718;8797118300779;products
8796114452622;8796132409486;8797118366315;products
8796114485390;8796132442254;8797118431851;products
8796114518158;8796132475022;8797118497387;products
8796114550926;8796132507790;8797118562923;products
8796114583694;8796132540558;8797118628459;products
8796114616462;8796132573326;8797118693995;products
8796114649230;8796132606094;8797118759531;products
8796114681998;8796132638862;8797118825067;products
8796114714766;8796132671630;8797118890603;products
8796114747534;8796132704398;8797118956139;products
8796114780302;8796132737166;8797119021675;products
8796115534430;;;;8796102688769->8796174745601
8796115599966;;;;8796102688769->8796174745601
8796115632734;;;;8796102688769->8796174745601
8796115665502;;;;8796102688769->8796174745601
8796115698270;;;;8796102688769->8796174745601
8796115731038;;;;8796102688769->8796174745601
8796115763806;;;;8796102688769->8796174745601
8796102688769;8796174745601;8797130359403;productReferences
8796114584158;;;;8796103213057->8796176678913
8796114649694;;;;8796103213057->8796176678913
8796114682462;;;;8796103213057->8796176678913
8796114715230;;;;8796103213057->8796176678913
8796103213057;8796176678913;8797141926507;productReferences
8796112355934;;;;8796103507969->8796179038209
8796112388702;;;;8796103507969->8796179038209
8796112421470;;;;8796103507969->8796179038209
8796112454238;;;;8796103507969->8796179038209
8796112487006;;;;8796103507969->8796179038209
8796112519774;;;;8796103507969->8796179038209
8796112585310;;;;8796103507969->8796179038209
8796103507969;8796179038209;8797148906091;productReferences
8796110815838;;;;8796113567745->8796179103745,8796107014145->8796179070977
8796110848606;;;;8796113567745->8796179103745,8796107014145->8796179070977
8796110881374;;;;8796113567745->8796179103745,8796107014145->8796179070977
8796113567745;8796179103745;8797149889131;productReferences;8796107014145->8796179070977
8796117664350;;;;8796129525761->8796179595265,8796113633281->8796179431425,8796107046913->8796179234817
8796117697118;;;;8796129525761->8796179595265,8796113633281->8796179431425,8796107046913->8796179234817
8796117729886;;;;8796129525761->8796179595265,8796113633281->8796179431425,8796107046913->8796179234817
8796117762654;;;;8796129525761->8796179595265,8796113633281->8796179431425,8796107046913->8796179234817
8796117795422;;;;8796129525761->8796179595265,8796113633281->8796179431425,8796107046913->8796179234817
8796117828190;;;;8796129525761->8796179595265,8796113633281->8796179431425,8796107046913->8796179234817
8796129525761;8796179595265;8797152477803;productReferences;8796113633281->8796179431425,8796107046913->8796179234817
8796116779614;;;;8796107145217->8796180381697
8796116812382;;;;8796107145217->8796180381697
8796116845150;;;;8796107145217->8796180381697
8796116877918;;;;8796107145217->8796180381697
8796116910686;;;;8796107145217->8796180381697
8796116943454;;;;8796107145217->8796180381697
8796116976222;;;;8796107145217->8796180381697
8796117008990;;;;8796107145217->8796180381697
8796107145217;8796180381697;8797158638187;productReferences
8796109996638;;;;8796113928193->8796180611073,8796107177985->8796180578305
8796110029406;;;;8796113928193->8796180611073,8796107177985->8796180578305
8796113928193;8796180611073;8797159424619;productReferences;8796107177985->8796180578305
8796115829342;;;;8796107472897->8796182577153
8796107472897;8796182577153;8797188293227;productReferences
8796111110750;;;;8796115009537->8796184150017,8796107603969->8796184117249
8796111143518;;;;8796115009537->8796184150017,8796107603969->8796184117249
8796111176286;;;;8796115009537->8796184150017,8796107603969->8796184117249
8796111241822;;;;8796115009537->8796184150017,8796107603969->8796184117249
8796115009537;8796184150017;8797193208427;productReferences;8796107603969->8796184117249
8796111372894;;;;8796115075073->8796184281089,8796107603969->8796184117249
8796115075073;8796184281089;8797193863787;productReferences;8796107603969->8796184117249
8796111077982;;;;8796115107841->8796184674305,8796107603969->8796184117249
8796115107841;8796184674305;8797195633259;productReferences;8796107603969->8796184117249
8796110750302;;;;8796107767809->8796186378241
8796110783070;;;;8796107767809->8796186378241
8796107767809;8796186378241;8797204349547;productReferences
8796110291550;;;;8796116221953->8796187262977,8796107898881->8796187066369
8796116221953;8796187262977;8797208445547;productReferences;8796107898881->8796187066369
8796107997790;;;;8796116877313->8796189065217,8796108062721->8796188934145
8796108030558;;;;8796116877313->8796189065217,8796108062721->8796188934145
8796116877313;8796189065217;8797216506475;productReferences;8796108062721->8796188934145
8796107113054;;;;8796116910081->8796189327361,8796108062721->8796188934145
8796107145822;;;;8796116910081->8796189327361,8796108062721->8796188934145
8796107178590;;;;8796116910081->8796189327361,8796108062721->8796188934145
8796116910081;8796189327361;8797218275947;productReferences;8796108062721->8796188934145
8796108063326;;;;8796116746241->8796189392897,8796108062721->8796188934145
8796116746241;8796189392897;8797218505323;productReferences;8796108062721->8796188934145
8796107571806;;;;8796117204993->8796190244865,8796108128257->8796190081025
8796107604574;;;;8796117204993->8796190244865,8796108128257->8796190081025
8796107670110;;;;8796117204993->8796190244865,8796108128257->8796190081025
8796107702878;;;;8796117204993->8796190244865,8796108128257->8796190081025
8796107768414;;;;8796117204993->8796190244865,8796108128257->8796190081025
8796117204993;8796190244865;8797227811435;productReferences;8796108128257->8796190081025
8796108194398;;;;8796117172225->8796190408705,8796108128257->8796190081025
8796117172225;8796190408705;8797228237419;productReferences;8796108128257->8796190081025
8796107932254;;;;8796117401601->8796191096833,8796108193793->8796190801921
8796117401601;8796191096833;8797231809131;productReferences;8796108193793->8796190801921
8796106916446;;;;8796117696513->8796191686657,8796108259329->8796191653889
8796106949214;;;;8796117696513->8796191686657,8796108259329->8796191653889
8796106981982;;;;8796117696513->8796191686657,8796108259329->8796191653889
8796117696513;8796191686657;8797234922091;productReferences;8796108259329->8796191653889
8796109079134;;;;8796117729281->8796192145409,8796108292097->8796192112641
8796109177438;;;;8796117729281->8796192145409,8796108292097->8796192112641
8796113109598;;;;8796117729281->8796192145409,8796108292097->8796192112641
8796113142366;;;;8796117729281->8796192145409,8796108292097->8796192112641
8796113207902;;;;8796117729281->8796192145409,8796108292097->8796192112641
8796114322014;;;;8796117729281->8796192145409,8796108292097->8796192112641
8796114354782;;;;8796117729281->8796192145409,8796108292097->8796192112641
8796114387550;;;;8796117729281->8796192145409,8796108292097->8796192112641
8796114420318;;;;8796117729281->8796192145409,8796108292097->8796192112641
8796114453086;;;;8796117729281->8796192145409,8796108292097->8796192112641
8796117729281;8796192145409;8797236691563;productReferences;8796108292097->8796192112641
8796109800030;;;;8796117762049->8796192243713,8796108324865->8796192210945
8796109865566;;;;8796117762049->8796192243713,8796108324865->8796192210945
8796117762049;8796192243713;8797237412459;productReferences;8796108324865->8796192210945
8796110324318;;;;8796118220801->8796193718273,8796108619777->8796193685505
8796110357086;;;;8796118220801->8796193718273,8796108619777->8796193685505
8796118220801;8796193718273;8797246849643;productReferences;8796108619777->8796193685505
8796110160478;;;;8796118515713->8796194471937,8796108750849->8796194439169
8796118515713;8796194471937;8797252420203;productReferences;8796108750849->8796194439169
8796109963870;;;;8796119924737->8796199911425,8796109144065->8796199714817
8796119924737;8796199911425;8797286400619;productReferences;8796109144065->8796199714817
8796117467742;;;;8796144140289->8796204367873,8796121300993->8796204335105,8796109471745->8796204302337
8796117500510;;;;8796144140289->8796204367873,8796121300993->8796204335105,8796109471745->8796204302337
8796117533278;;;;8796144140289->8796204367873,8796121300993->8796204335105,8796109471745->8796204302337
8796144140289;8796204367873;8797315170923;productReferences;8796121300993->8796204335105,8796109471745->8796204302337
8796115436126;;;;8796121432065->8796205187073,8796109832193->8796205154305
8796115468894;;;;8796121432065->8796205187073,8796109832193->8796205154305
8796121432065;8796205187073;8797319987819;productReferences;8796109832193->8796205154305
8796107539038;;;;8796121726977->8796206268417,8796110127105->8796206235649
8796121726977;8796206268417;8797326017131;productReferences;8796110127105->8796206235649
8796115862110;;;;8796122087425->8796207153153,8796110192641->8796207120385
8796115927646;;;;8796122087425->8796207153153,8796110192641->8796207120385
8796115960414;;;;8796122087425->8796207153153,8796110192641->8796207120385
8796115993182;;;;8796122087425->8796207153153,8796110192641->8796207120385
8796116025950;;;;8796122087425->8796207153153,8796110192641->8796207120385
8796116058718;;;;8796122087425->8796207153153,8796110192641->8796207120385
8796122087425;8796207153153;8797330702955;productReferences;8796110192641->8796207120385
8796111569502;;;;8796122644481->8796210855937,8796110323713->8796209971201
8796111602270;;;;8796122644481->8796210855937,8796110323713->8796209971201
8796111635038;;;;8796122644481->8796210855937,8796110323713->8796209971201
8796122644481;8796210855937;8797346628203;productReferences;8796110323713->8796209971201
8796108816990;;;;8796123529217->8796214722561,8796110618625->8796214689793
8796115337822;;;;8796123529217->8796214722561,8796110618625->8796214689793
8796123529217;8796214722561;8797363831403;productReferences;8796110618625->8796214689793
8796116451934;;;;8796110684161->8796214853633
8796116550238;;;;8796110684161->8796214853633
8796110684161;8796214853633;8797365699179;productReferences
8796107833950;;;;8796123660289->8796215115777,8796110716929->8796215083009
8796123660289;8796215115777;8797366289003;productReferences;8796110716929->8796215083009
8796110094942;;;;8796123758593->8796215443457,8796110815233->8796215410689
8796123758593;8796215443457;8797367599723;productReferences;8796110815233->8796215410689
8796107375198;;;;8796123955201->8796215836673,8796110946305->8796215803905
8796107407966;;;;8796123955201->8796215836673,8796110946305->8796215803905
8796123955201;8796215836673;8797370188395;productReferences;8796110946305->8796215803905
8796108915294;;;;8796123922433->8796216000513,8796110946305->8796215803905
8796108948062;;;;8796123922433->8796216000513,8796110946305->8796215803905
8796108980830;;;;8796123922433->8796216000513,8796110946305->8796215803905
8796109013598;;;;8796123922433->8796216000513,8796110946305->8796215803905
8796123922433;8796216000513;8797371040363;productReferences;8796110946305->8796215803905
8796107211358;;;;8796124053505->8796216754177,8796111044609->8796216721409
8796107244126;;;;8796124053505->8796216754177,8796111044609->8796216721409
8796107276894;;;;8796124053505->8796216754177,8796111044609->8796216721409
8796124053505;8796216754177;8797374579307;productReferences;8796111044609->8796216721409
8796109931102;;;;8796124119041->8796217049089,8796111077377->8796217016321
8796124119041;8796217049089;8797376447083;productReferences;8796111077377->8796217016321
8796108587614;;;;8796111110145->8796217147393
8796112618078;;;;8796124184577->8796217180161,8796111110145->8796217147393
8796112650846;;;;8796124184577->8796217180161,8796111110145->8796217147393
8796112683614;;;;8796124184577->8796217180161,8796111110145->8796217147393
8796112749150;;;;8796124184577->8796217180161,8796111110145->8796217147393
8796124184577;8796217180161;8797378085483;productReferences;8796111110145->8796217147393
8796111110145;8796217147393;8797381296747;productReferences
8796108620382;;;;8796111142913->8796218261505
8796108653150;;;;8796111142913->8796218261505
8796108685918;;;;8796111142913->8796218261505
8796108718686;;;;8796111142913->8796218261505
8796108751454;;;;8796111142913->8796218261505
8796111142913;8796218261505;8797383361131;productReferences
8796114780766;;;;8796124381185->8796218753025,8796111175681->8796218720257
8796114813534;;;;8796124381185->8796218753025,8796111175681->8796218720257
8796114879070;;;;8796124381185->8796218753025,8796111175681->8796218720257
8796114977374;;;;8796124381185->8796218753025,8796111175681->8796218720257
8796115042910;;;;8796124381185->8796218753025,8796111175681->8796218720257
8796124381185;8796218753025;8797384508011;productReferences;8796111175681->8796218720257
8796117303902;;;;8796153643009->8796218982401,8796124413953->8796218949633,8796111175681->8796218720257
8796153643009;8796218982401;8797384966763;productReferences;8796124413953->8796218949633,8796111175681->8796218720257
8796116189790;;;;8796111241217->8796219277313
8796116222558;;;;8796111241217->8796219277313
8796116255326;;;;8796111241217->8796219277313
8796116320862;;;;8796111241217->8796219277313
8796111241217;8796219277313;8797388079723;productReferences
8796117992030;;;;8796154855425->8796220653569,8796124872705->8796220588033,8796111437825->8796220555265
8796118024798;;;;8796154855425->8796220653569,8796124872705->8796220588033,8796111437825->8796220555265
8796154855425;8796220653569;8797393814123;productReferences;8796124872705->8796220588033,8796111437825->8796220555265
8796112028254;;;;8796125331457->8796223635457,8796111667201->8796223602689
8796112061022;;;;8796125331457->8796223635457,8796111667201->8796223602689
8796117074526;;;;8796125331457->8796223635457,8796111667201->8796223602689
8796117107294;;;;8796125331457->8796223635457,8796111667201->8796223602689
8796117140062;;;;8796125331457->8796223635457,8796111667201->8796223602689
8796117172830;;;;8796125331457->8796223635457,8796111667201->8796223602689
8796125331457;8796223635457;8797404889707;productReferences;8796111667201->8796223602689
8796108849758;;;;8796125495297->8796224126977,8796111831041->8796224094209
8796125495297;8796224126977;8797407052395;productReferences;8796111831041->8796224094209
8796114223710;;;;8796125560833->8796224323585,8796111896577->8796224290817
8796114256478;;;;8796125560833->8796224323585,8796111896577->8796224290817
8796125560833;8796224323585;8797408002667;productReferences;8796111896577->8796224290817
8796110553694;;;;8796125757441->8796224847873,8796112027649->8796224815105
8796110586462;;;;8796125757441->8796224847873,8796112027649->8796224815105
8796125757441;8796224847873;8797410558571;productReferences;8796112027649->8796224815105
8796110946910;;;;8796125790209->8796224946177,8796112060417->8796224913409
8796111012446;;;;8796125790209->8796224946177,8796112060417->8796224913409
8796111045214;;;;8796125790209->8796224946177,8796112060417->8796224913409
8796125790209;8796224946177;8797411050091;productReferences;8796112060417->8796224913409
8796107473502;;;;8796125954049->8796225798145,8796112322561->8796225765377
8796125954049;8796225798145;8797415309931;productReferences;8796112322561->8796225765377
8796115075678;;;;8796112486401->8796226682881
8796115173982;;;;8796112486401->8796226682881
8796115206750;;;;8796112486401->8796226682881
8796115239518;;;;8796112486401->8796226682881
8796112486401;8796226682881;8797419930219;productReferences
8796590637086;8796910780446;8797421109867;mediaContainer;8796126347265->8796227141633,8796112551937->8796227010561
8796590571550;8796910813214;8797421142635;mediaContainer;8796126347265->8796227141633,8796112551937->8796227010561
8796590702622;8796910845982;8797421175403;mediaContainer;8796126347265->8796227141633,8796112551937->8796227010561
8796590768158;8796910878750;8797421208171;mediaContainer;8796126347265->8796227141633,8796112551937->8796227010561
8796590833694;8796910911518;8797421240939;mediaContainer;8796126347265->8796227141633,8796112551937->8796227010561
8796110651998;;;;8796126740481->8796228780033,8796112715777->8796228124673
8796126740481;8796228780033;8797429432939;productReferences;8796112715777->8796228124673
8796111274590;;;;8796126806017->8796229369857,8796112715777->8796228124673
8796126806017;8796229369857;8797432414827;productReferences;8796112715777->8796228124673
8796108456542;;;;8796127133697->8796231008257,8796112814081->8796230975489
8796127133697;8796231008257;8797441655403;productReferences;8796112814081->8796230975489
8796108227166;;;;8796127100929->8796231139329,8796112814081->8796230975489
8796108292702;;;;8796127100929->8796231139329,8796112814081->8796230975489
8796111733342;;;;8796127100929->8796231139329,8796112814081->8796230975489
8796127100929;8796231139329;8797442114155;productReferences;8796112814081->8796230975489
8796112093790;;;;8796112977921->8796232810497
8796112977921;8796232810497;8797452337771;productReferences
8796113404510;;;;8796127821825->8796234678273,8796113108993->8796234022913
8796127821825;8796234678273;8797460595307;productReferences;8796113108993->8796234022913
8796294643742;8796931096606;8797473210987;mediaContainer
8796295364638;8796931129374;8797473243755;mediaContainer
8796295430174;8796931162142;8797473276523;mediaContainer
8796295495710;8796931194910;8797473309291;mediaContainer
8796295561246;8796931227678;8797473342059;mediaContainer
8796295626782;8796931260446;8797473374827;mediaContainer
8796295692318;8796931293214;8797473407595;mediaContainer
8796295757854;8796931325982;8797473440363;mediaContainer
8796295823390;8796931358750;8797473473131;mediaContainer
8796295888926;8796931391518;8797473505899;mediaContainer
8796295954462;8796931424286;8797473538667;mediaContainer
8796296019998;8796931457054;8797473571435;mediaContainer
8796296085534;8796931489822;8797473604203;mediaContainer
8796296151070;8796931522590;8797473636971;mediaContainer
8796296347678;8796931555358;8797473669739;mediaContainer
8796296413214;8796931588126;8797473702507;mediaContainer
8796296478750;8796931620894;8797473735275;mediaContainer
8796296675358;8796931653662;8797473768043;mediaContainer
8796296740894;8796931686430;8797473800811;mediaContainer
8796296806430;8796931719198;8797473833579;mediaContainer
8796296871966;8796931751966;8797473866347;mediaContainer
8796296937502;8796931784734;8797473899115;mediaContainer
8796297003038;8796931817502;8797473931883;mediaContainer
8796297068574;8796931850270;8797473964651;mediaContainer
8796297134110;8796931883038;8797473997419;mediaContainer
8796297199646;8796931915806;8797474030187;mediaContainer
8796297265182;8796931948574;8797474062955;mediaContainer
8796297330718;8796931981342;8797474095723;mediaContainer
8796297396254;8796932014110;8797474128491;mediaContainer
8796297461790;8796932046878;8797474161259;mediaContainer
8796297592862;8796932079646;8797474194027;mediaContainer
8796297658398;8796932112414;8797474226795;mediaContainer
8796297723934;8796932145182;8797474259563;mediaContainer
8796297789470;8796932177950;8797474292331;mediaContainer
8796297855006;8796932210718;8797474325099;mediaContainer
8796297920542;8796932243486;8797474357867;mediaContainer
8796297986078;8796932276254;8797474390635;mediaContainer
8796298051614;8796932309022;8797474423403;mediaContainer
8796298117150;8796932341790;8797474456171;mediaContainer
8796298182686;8796932374558;8797474488939;mediaContainer
8796298248222;8796932407326;8797474521707;mediaContainer
8796298313758;8796932440094;8797474554475;mediaContainer
8796298379294;8796932472862;8797474587243;mediaContainer
8796298575902;8796932505630;8797474620011;mediaContainer
8796298641438;8796932538398;8797474652779;mediaContainer
8796298706974;8796932571166;8797474685547;mediaContainer
8796298772510;8796932603934;8797474718315;mediaContainer
8796298838046;8796932636702;8797474751083;mediaContainer
8796298903582;8796932669470;8797474783851;mediaContainer
8796298969118;8796932702238;8797474816619;mediaContainer
8796300607518;8796932735006;8797474849387;mediaContainer
8796300673054;8796932767774;8797474882155;mediaContainer
8796300738590;8796932800542;8797474914923;mediaContainer
8796300804126;8796932833310;8797474947691;mediaContainer
8796300869662;8796932866078;8797474980459;mediaContainer
8796300935198;8796932898846;8797475013227;mediaContainer
8796301000734;8796932931614;8797475045995;mediaContainer
8796302508062;8796932964382;8797475078763;mediaContainer
8796303228958;8796932997150;8797475111531;mediaContainer
8796303294494;8796933029918;8797475144299;mediaContainer
8796303360030;8796933062686;8797475177067;mediaContainer
8796303425566;8796933095454;8797475209835;mediaContainer
8796303491102;8796933128222;8797475242603;mediaContainer
8796303556638;8796933160990;8797475275371;mediaContainer
8796303622174;8796933193758;8797475308139;mediaContainer
8796303687710;8796933226526;8797475340907;mediaContainer
8796303753246;8796933259294;8797475373675;mediaContainer
8796303818782;8796933292062;8797475406443;mediaContainer
8796303884318;8796933324830;8797475439211;mediaContainer
8796303949854;8796933357598;8797475471979;mediaContainer
8796304015390;8796933390366;8797475504747;mediaContainer
8796304211998;8796933423134;8797475537515;mediaContainer
8796304277534;8796933455902;8797475570283;mediaContainer
8796304343070;8796933488670;8797475603051;mediaContainer
8796304539678;8796933521438;8797475635819;mediaContainer
8796304605214;8796933554206;8797475668587;mediaContainer
8796304670750;8796933586974;8797475701355;mediaContainer
8796304736286;8796933619742;8797475734123;mediaContainer
8796304801822;8796933652510;8797475766891;mediaContainer
8796304867358;8796933685278;8797475799659;mediaContainer
8796304932894;8796933718046;8797475832427;mediaContainer
8796304998430;8796933750814;8797475865195;mediaContainer
8796305063966;8796933783582;8797475897963;mediaContainer
8796305129502;8796933816350;8797475930731;mediaContainer
8796305195038;8796933849118;8797475963499;mediaContainer
8796305260574;8796933881886;8797475996267;mediaContainer
8796305326110;8796933914654;8797476029035;mediaContainer
8796305457182;8796933947422;8797476061803;mediaContainer
8796305522718;8796933980190;8797476094571;mediaContainer
8796305588254;8796934012958;8797476127339;mediaContainer
8796305653790;8796934045726;8797476160107;mediaContainer
8796305719326;8796934078494;8797476192875;mediaContainer
8796305784862;8796934111262;8797476225643;mediaContainer
8796305850398;8796934144030;8797476258411;mediaContainer
8796305915934;8796934176798;8797476291179;mediaContainer
8796305981470;8796934209566;8797476323947;mediaContainer
8796306047006;8796934242334;8797476356715;mediaContainer
8796306112542;8796934275102;8797476389483;mediaContainer
8796306178078;8796934307870;8797476422251;mediaContainer
8796306243614;8796934340638;8797476455019;mediaContainer
8796306440222;8796934373406;8797476487787;mediaContainer
8796306505758;8796934406174;8797476520555;mediaContainer
8796306571294;8796934438942;8797476553323;mediaContainer
8796306636830;8796934471710;8797476586091;mediaContainer
8796306702366;8796934504478;8797476618859;mediaContainer
8796306767902;8796934537246;8797476651627;mediaContainer
8796306833438;8796934570014;8797476684395;mediaContainer
8796308471838;8796934602782;8797476717163;mediaContainer
8796308537374;8796934635550;8797476749931;mediaContainer
8796308602910;8796934668318;8797476782699;mediaContainer
8796308668446;8796934701086;8797476815467;mediaContainer
8796308733982;8796934733854;8797476848235;mediaContainer
8796308799518;8796934766622;8797476881003;mediaContainer
8796308865054;8796934799390;8797476913771;mediaContainer
8796310372382;8796934832158;8797476946539;mediaContainer
8796311093278;8796934864926;8797476979307;mediaContainer
8796311158814;8796934897694;8797477012075;mediaContainer
8796311224350;8796934930462;8797477044843;mediaContainer
8796311289886;8796934963230;8797477077611;mediaContainer
8796311355422;8796934995998;8797477110379;mediaContainer
8796311420958;8796935028766;8797477143147;mediaContainer
8796311486494;8796935061534;8797477175915;mediaContainer
8796311552030;8796935094302;8797477208683;mediaContainer
8796311617566;8796935127070;8797477241451;mediaContainer
8796311683102;8796935159838;8797477274219;mediaContainer
8796311748638;8796935192606;8797477306987;mediaContainer
8796311814174;8796935225374;8797477339755;mediaContainer
8796311879710;8796935258142;8797477372523;mediaContainer
8796312076318;8796935290910;8797477405291;mediaContainer
8796312141854;8796935323678;8797477438059;mediaContainer
8796312207390;8796935356446;8797477470827;mediaContainer
8796312403998;8796935389214;8797477503595;mediaContainer
8796312469534;8796935421982;8797477536363;mediaContainer
8796312535070;8796935454750;8797477569131;mediaContainer
8796312600606;8796935487518;8797477601899;mediaContainer
8796312666142;8796935520286;8797477634667;mediaContainer
8796312731678;8796935553054;8797477667435;mediaContainer
8796312797214;8796935585822;8797477700203;mediaContainer
8796312862750;8796935618590;8797477732971;mediaContainer
8796312928286;8796935651358;8797477765739;mediaContainer
8796312993822;8796935684126;8797477798507;mediaContainer
8796313059358;8796935716894;8797477831275;mediaContainer
8796313124894;8796935749662;8797477864043;mediaContainer
8796313190430;8796935782430;8797477896811;mediaContainer
8796313321502;8796935815198;8797477929579;mediaContainer
8796313387038;8796935847966;8797477962347;mediaContainer
8796313452574;8796935880734;8797477995115;mediaContainer
8796313518110;8796935913502;8797478027883;mediaContainer
8796313583646;8796935946270;8797478060651;mediaContainer
8796313649182;8796935979038;8797478093419;mediaContainer
8796313714718;8796936011806;8797478126187;mediaContainer
8796313780254;8796936044574;8797478158955;mediaContainer
8796313845790;8796936077342;8797478191723;mediaContainer
8796313911326;8796936110110;8797478224491;mediaContainer
8796313976862;8796936142878;8797478257259;mediaContainer
8796314042398;8796936175646;8797478290027;mediaContainer
8796314107934;8796936208414;8797478322795;mediaContainer
8796314304542;8796936241182;8797478355563;mediaContainer
8796314370078;8796936273950;8797478388331;mediaContainer
8796314435614;8796936306718;8797478421099;mediaContainer
8796314501150;8796936339486;8797478453867;mediaContainer
8796314566686;8796936372254;8797478486635;mediaContainer
8796314632222;8796936405022;8797478519403;mediaContainer
8796314697758;8796936437790;8797478552171;mediaContainer
8796316336158;8796936470558;8797478584939;mediaContainer
8796316401694;8796936503326;8797478617707;mediaContainer
8796316467230;8796936536094;8797478650475;mediaContainer
8796316532766;8796936568862;8797478683243;mediaContainer
8796316598302;8796936601630;8797478716011;mediaContainer
8796316663838;8796936634398;8797478748779;mediaContainer
8796316729374;8796936667166;8797478781547;mediaContainer
8796318236702;8796936699934;8797478814315;mediaContainer
8796318957598;8796936732702;8797478847083;mediaContainer
8796319023134;8796936765470;8797478879851;mediaContainer
8796319088670;8796936798238;8797478912619;mediaContainer
8796319154206;8796936831006;8797478945387;mediaContainer
8796319219742;8796936863774;8797478978155;mediaContainer
8796319285278;8796936896542;8797479010923;mediaContainer
8796319350814;8796936929310;8797479043691;mediaContainer
8796319416350;8796936962078;8797479076459;mediaContainer
8796319481886;8796936994846;8797479109227;mediaContainer
8796319547422;8796937027614;8797479141995;mediaContainer
8796319612958;8796937060382;8797479174763;mediaContainer
8796319678494;8796937093150;8797479207531;mediaContainer
8796319744030;8796937125918;8797479240299;mediaContainer
8796319940638;8796937158686;8797479273067;mediaContainer
8796320006174;8796937191454;8797479305835;mediaContainer
8796320071710;8796937224222;8797479338603;mediaContainer
8796320268318;8796937256990;8797479371371;mediaContainer
8796320333854;8796937289758;8797479404139;mediaContainer
8796320399390;8796937322526;8797479436907;mediaContainer
8796320464926;8796937355294;8797479469675;mediaContainer
8796320530462;8796937388062;8797479502443;mediaContainer
8796320595998;8796937420830;8797479535211;mediaContainer
8796320661534;8796937453598;8797479567979;mediaContainer
8796320727070;8796937486366;8797479600747;mediaContainer
8796320792606;8796937519134;8797479633515;mediaContainer
8796320858142;8796937551902;8797479666283;mediaContainer
8796320923678;8796937584670;8797479699051;mediaContainer
8796320989214;8796937617438;8797479731819;mediaContainer
8796321054750;8796937650206;8797479764587;mediaContainer
8796321185822;8796937682974;8797479797355;mediaContainer
8796321251358;8796937715742;8797479830123;mediaContainer
8796321316894;8796937748510;8797479862891;mediaContainer
8796321382430;8796937781278;8797479895659;mediaContainer
8796321447966;8796937814046;8797479928427;mediaContainer
8796321513502;8796937846814;8797479961195;mediaContainer
8796321579038;8796937879582;8797479993963;mediaContainer
8796321644574;8796937912350;8797480026731;mediaContainer
8796321710110;8796937945118;8797480059499;mediaContainer
8796321775646;8796937977886;8797480092267;mediaContainer
8796321841182;8796938010654;8797480125035;mediaContainer
8796321906718;8796938043422;8797480157803;mediaContainer
8796321972254;8796938076190;8797480190571;mediaContainer
8796322168862;8796938108958;8797480223339;mediaContainer
8796322234398;8796938141726;8797480256107;mediaContainer
8796322299934;8796938174494;8797480288875;mediaContainer
8796322365470;8796938207262;8797480321643;mediaContainer
8796322431006;8796938240030;8797480354411;mediaContainer
8796322496542;8796938272798;8797480387179;mediaContainer
8796322562078;8796938305566;8797480419947;mediaContainer
8796324200478;8796938338334;8797480452715;mediaContainer
8796324266014;8796938371102;8797480485483;mediaContainer
8796324331550;8796938403870;8797480518251;mediaContainer
8796324397086;8796938436638;8797480551019;mediaContainer
8796324462622;8796938469406;8797480583787;mediaContainer
8796324528158;8796938502174;8797480616555;mediaContainer
8796324593694;8796938534942;8797480649323;mediaContainer
8796326101022;8796938567710;8797480682091;mediaContainer
8796326821918;8796938600478;8797480714859;mediaContainer
8796326887454;8796938633246;8797480747627;mediaContainer
8796326952990;8796938666014;8797480780395;mediaContainer
8796327018526;8796938698782;8797480813163;mediaContainer
8796327084062;8796938731550;8797480845931;mediaContainer
8796327149598;8796938764318;8797480878699;mediaContainer
8796327215134;8796938797086;8797480911467;mediaContainer
8796327280670;8796938829854;8797480944235;mediaContainer
8796327346206;8796938862622;8797480977003;mediaContainer
8796327411742;8796938895390;8797481009771;mediaContainer
8796327477278;8796938928158;8797481042539;mediaContainer
8796327542814;8796938960926;8797481075307;mediaContainer
8796327608350;8796938993694;8797481108075;mediaContainer
8796327804958;8796939026462;8797481140843;mediaContainer
8796327870494;8796939059230;8797481173611;mediaContainer
8796327936030;8796939091998;8797481206379;mediaContainer
8796328132638;8796939124766;8797481239147;mediaContainer
8796328198174;8796939157534;8797481271915;mediaContainer
8796328263710;8796939190302;8797481304683;mediaContainer
8796328329246;8796939223070;8797481337451;mediaContainer
8796328394782;8796939255838;8797481370219;mediaContainer
8796328460318;8796939288606;8797481402987;mediaContainer
8796328525854;8796939321374;8797481435755;mediaContainer
8796328591390;8796939354142;8797481468523;mediaContainer
8796328656926;8796939386910;8797481501291;mediaContainer
8796328722462;8796939419678;8797481534059;mediaContainer
8796328787998;8796939452446;8797481566827;mediaContainer
8796328853534;8796939485214;8797481599595;mediaContainer
8796328919070;8796939517982;8797481632363;mediaContainer
8796329050142;8796939550750;8797481665131;mediaContainer
8796329115678;8796939583518;8797481697899;mediaContainer
8796329181214;8796939616286;8797481730667;mediaContainer
8796329246750;8796939649054;8797481763435;mediaContainer
8796329312286;8796939681822;8797481796203;mediaContainer
8796329377822;8796939714590;8797481828971;mediaContainer
8796329443358;8796939747358;8797481861739;mediaContainer
8796329508894;8796939780126;8797481894507;mediaContainer
8796329574430;8796939812894;8797481927275;mediaContainer
8796329639966;8796939845662;8797481960043;mediaContainer
8796329705502;8796939878430;8797481992811;mediaContainer
8796329771038;8796939911198;8797482025579;mediaContainer
8796329836574;8796939943966;8797482058347;mediaContainer
8796330033182;8796939976734;8797482091115;mediaContainer
8796330098718;8796940009502;8797482123883;mediaContainer
8796330164254;8796940042270;8797482156651;mediaContainer
8796330229790;8796940075038;8797482189419;mediaContainer
8796330295326;8796940107806;8797482222187;mediaContainer
8796330360862;8796940140574;8797482254955;mediaContainer
8796330426398;8796940173342;8797482287723;mediaContainer
8796332064798;8796940206110;8797482320491;mediaContainer
8796332130334;8796940238878;8797482353259;mediaContainer
8796332195870;8796940271646;8797482386027;mediaContainer
8796332261406;8796940304414;8797482418795;mediaContainer
8796332326942;8796940337182;8797482451563;mediaContainer
8796332392478;8796940369950;8797482484331;mediaContainer
8796332458014;8796940402718;8797482517099;mediaContainer
8796333965342;8796940435486;8797482549867;mediaContainer
8796334686238;8796940468254;8797482582635;mediaContainer
8796334751774;8796940501022;8797482615403;mediaContainer
8796334817310;8796940533790;8797482648171;mediaContainer
8796334882846;8796940566558;8797482680939;mediaContainer
8796334948382;8796940599326;8797482713707;mediaContainer
8796335013918;8796940632094;8797482746475;mediaContainer
8796335079454;8796940664862;8797482779243;mediaContainer
8796335144990;8796940697630;8797482812011;mediaContainer
8796335210526;8796940730398;8797482844779;mediaContainer
8796335276062;8796940763166;8797482877547;mediaContainer
8796335341598;8796940795934;8797482910315;mediaContainer
8796335407134;8796940828702;8797482943083;mediaContainer
8796335472670;8796940861470;8797482975851;mediaContainer
8796335669278;8796940894238;8797483008619;mediaContainer
8796335734814;8796940927006;8797483041387;mediaContainer
8796335800350;8796940959774;8797483074155;mediaContainer
8796335996958;8796940992542;8797483106923;mediaContainer
8796336062494;8796941025310;8797483139691;mediaContainer
8796336128030;8796941058078;8797483172459;mediaContainer
8796336193566;8796941090846;8797483205227;mediaContainer
8796336259102;8796941123614;8797483237995;mediaContainer
8796336324638;8796941156382;8797483270763;mediaContainer
8796336390174;8796941189150;8797483303531;mediaContainer
8796336455710;8796941221918;8797483336299;mediaContainer
8796336521246;8796941254686;8797483369067;mediaContainer
8796336586782;8796941287454;8797483401835;mediaContainer
8796336652318;8796941320222;8797483434603;mediaContainer
8796336717854;8796941352990;8797483467371;mediaContainer
8796336783390;8796941385758;8797483500139;mediaContainer
8796336914462;8796941418526;8797483532907;mediaContainer
8796336979998;8796941451294;8797483565675;mediaContainer
8796337045534;8796941484062;8797483598443;mediaContainer
8796337111070;8796941516830;8797483631211;mediaContainer
8796337176606;8796941549598;8797483663979;mediaContainer
8796337242142;8796941582366;8797483696747;mediaContainer
8796337307678;8796941615134;8797483729515;mediaContainer
8796337373214;8796941647902;8797483762283;mediaContainer
8796337438750;8796941680670;8797483795051;mediaContainer
8796337504286;8796941713438;8797483827819;mediaContainer
8796337569822;8796941746206;8797483860587;mediaContainer
8796337635358;8796941778974;8797483893355;mediaContainer
8796337700894;8796941811742;8797483926123;mediaContainer
8796337897502;8796941844510;8797483958891;mediaContainer
8796337963038;8796941877278;8797483991659;mediaContainer
8796338028574;8796941910046;8797484024427;mediaContainer
8796338094110;8796941942814;8797484057195;mediaContainer
8796338159646;8796941975582;8797484089963;mediaContainer
8796338225182;8796942008350;8797484122731;mediaContainer
8796338290718;8796942041118;8797484155499;mediaContainer
8796339929118;8796942073886;8797484188267;mediaContainer
8796339994654;8796942106654;8797484221035;mediaContainer
8796340060190;8796942139422;8797484253803;mediaContainer
8796340125726;8796942172190;8797484286571;mediaContainer
8796340191262;8796942204958;8797484319339;mediaContainer
8796340256798;8796942237726;8797484352107;mediaContainer
8796340322334;8796942270494;8797484384875;mediaContainer
