<?xml version='1.0' encoding='UTF-8'?>
<!DOCTYPE book PUBLIC "-//OASIS//DTD DocBook XML V4.5//EN" "http://www.oasis-open.org/docbook/xml/4.5/docbookx.dtd" [
]>

<book>

    <bookinfo>
        <title>The JGroups 3.x tutorial</title>
        <pubdate>August 2011</pubdate>
        <copyright>
            <year>1998-2006</year>
            <holder>Bela Ban</holder>
        </copyright>
         <copyright>
            <year>2006-2012</year>
            <holder>Red Hat Inc</holder>
        </copyright>

        <authorgroup>
            <author>
                <firstname>Bela</firstname>
                <surname> Ban</surname>
                <affiliation>
                    <shortaffil>Red Hat, Inc.</shortaffil>
                    <jobtitle>Project Lead</jobtitle>
                    <orgdiv>JBoss</orgdiv>
                </affiliation>
                <email>belaban@yahoo.com</email>
            </author>
        </authorgroup>
        <legalnotice>
            <para>This document is licensed under the
                <ulink url="http://creativecommons.org/licenses/by-sa/3.0/us/legalcode">
                    Creative Commons Attribution-ShareAlike (CC-BY-SA) 3.0
                </ulink>
            </para>
        </legalnotice>
    </bookinfo>

    <preface>
        <title>About the tutorial</title>
        <para>
            This is a short tutorial on how to install JGroups and write a simple application. The goal is to show how to
            configure JGroups and how to write a simple application showing the major methods of the API.
        </para>
        <para>Bela Ban, Kreuzlingen, Switzerland August 2011</para>

    </preface>

    <xi:include xmlns:xi="http://www.w3.org/2001/XInclude" href="modules/installation.xml"/>
    <xi:include xmlns:xi="http://www.w3.org/2001/XInclude" href="modules/sampleapp.xml"/>


    <!--<bibliography>

        <bibliomixed id="Ensemble:1997">
            <title>The Ensemble Distributed Communication System</title>
            ,
            <orgname>CS Dept Cornell University</orgname>
            ,
            <pubdate>1997</pubdate>
            .
            <releaseinfo>
                <ulink
                        url="http://www.cs.cornell.edu/Info/Projects/Ensemble/index.html"/>
            </releaseinfo>
            .
        </bibliomixed>

        <bibliomixed id="Gamma:1995">
            <firstname>Erich</firstname>
            <surname>Gamma</surname>
            ,
            <firstname>Richard</firstname>
            <surname>Helm</surname>
            ,
            <firstname>Ralph</firstname>
            <surname>Johnson</surname>
            , and
            <firstname>John</firstname>
            <surname>Vlissides</surname>
            .
            <title>Design Patterns: Elements of Reusable Object-Oriented
                Software</title>
            .
            <publishername>Addison-Wesley</publishername>
            ,
            <pubdate>1995</pubdate>
            .
        </bibliomixed>

    </bibliography>-->

</book>

