8796093809728;8796100822080;8797062693483;parent;8796093187132->8796117173308,8796093187136->8796100789312,8796093154368->8796100756544,8796093121600->8796100723776,8796093088828->8796117140540,8796093088810->8796100297770
8796093842496;8796100887616;8797062890091;parent;8796093350972->8796117369916,8796093219904->8796100854848,8796093154368->8796100756544,8796093121600->8796100723776,8796093088828->8796117140540,8796093088810->8796100297770
8796093776960;8796100920384;8797062988395;parent;8796093121596->8796117500988,8796093154368->8796100756544,8796093121600->8796100723776,8796093088828->8796117140540,8796093088810->8796100297770
8796093875264;8796101051456;8797063185003;parent;8796093613116->8796117599292,8796093318208->8796100985920,8796093285440->8796100953152,8796093121600->8796100723776,8796093088828->8796117140540,8796093088810->8796100297770
8796093547584;8796101280832;8797063414379;parent;8796093842492->8796117664828,8796094137408->8796101248064,8796094006336->8796101215296,8796093908032->8796101084224,8796093613116->8796117599292,8796093318208->8796100985920,8796093285440->8796100953152,8796093121600->8796100723776,8796093088828->8796117140540,8796093088810->8796100297770
8796093580352;8796101346368;8797063578219;parent;8796093940796->8796117763132,8796094170176->8796101313600,8796094006336->8796101215296,8796093908032->8796101084224,8796093613116->8796117599292,8796093318208->8796100985920,8796093285440->8796100953152,8796093121600->8796100723776,8796093088828->8796117140540,8796093088810->8796100297770
8796093908032;8796101084224;8797063873131;parent;8796093613116->8796117599292,8796093318208->8796100985920,8796093285440->8796100953152,8796093121600->8796100723776,8796093088828->8796117140540,8796093088810->8796100297770
8796094071872;8796101542976;8797064036971;parent;8796093711420->8796117926972,8796093482048->8796101510208,8796093121600->8796100723776,8796093088828->8796117140540,8796093088810->8796100297770
8796094104640;8796101608512;8797064135275;parent;8796093744188->8796117959740,8796093514816->8796101575744,8796093121600->8796100723776,8796093088828->8796117140540,8796093088810->8796100297770
8796094202944;8796101674048;8797064266347;parent;8796094039100->8796117992508,8796093613120->8796101641280,8796093121600->8796100723776,8796093088828->8796117140540,8796093088810->8796100297770
8796094268480;8796101706816;8797064495723;parent;8796094301244->8796118058044,8796093613120->8796101641280,8796093121600->8796100723776,8796093088828->8796117140540,8796093088810->8796100297770
8796094235712;8796101805120;8797064626795;parent;8796094104636->8796118221884,8796093645888->8796101772352,8796093121600->8796100723776,8796093088828->8796117140540,8796093088810->8796100297770
8796093121600;8796100723776;8797064725099;parent;8796093088828->8796117140540,8796093088810->8796100297770
8796093744192;8796101837888;8797065020011;parent;8796093088828->8796117140540,8796093088810->8796100297770
8796094399548;8796118484028;8797065151083;lightboxBannerComponent;8796093121578->8796100363306
8796094694460;;;;8796093154346->8796100396074
8796093154346;8796100396074;8797065445995;cmsComponents
8796096758844;;;;8796093645866->8796100854826,8796096791612->8796118975548,8796093613098->8796100822058
8796093645866;8796100854826;8797074489963;cmsComponents;8796096791612->8796118975548,8796093613098->8796100822058
8796096758844;;;;8796093613098->8796100822058
8796093613098;8796100822058;8797074555499;cmsComponents
8796094137394;;;;8796094989372->8796119794748
8796094989372;8796119794748;8797079011947;restrictions
8796094137394;;
8796093057378;8796093155682;8797099819627;leftOperand,operator,rightOperand;8796093057377->8796093155681,8796093057376->8796093122912
8796093090146;8796093188450;8797099885163;leftOperand,operator,rightOperand;8796093090145->8796093188449,8796093057376->8796093122912
8796093122914;8796093221218;8797100180075;leftOperand,operator,rightOperand;8796093122913->8796093221217,8796093090144->8796093155680
