<!-- ************ JGroups Protocol Stack Configuration ************** -->
<!-- This encrypts the entire message, even UNICAST and NAKACK headers (to reveal sequence numbers).
     Note that ENCRYPT could be placed even lower, e.g. just above UDP -->

<config xmlns="urn:org:jgroups"
        xmlns:xsi="http://www.w3.org/2001/XMLSchema-instance"
        xsi:schemaLocation="urn:org:jgroups http://www.jgroups.org/schema/JGroups-3.1.xsd">
    <UDP/>
    <PING/>
    <MERGE2/>
    <FD/>
    <VERIFY_SUSPECT/>
    <ENCRYPT encrypt_entire_message="false" sym_init="128" sym_algorithm="AES/ECB/PKCS5Padding" asym_init="512" asym_algorithm="RSA"/>
    <pbcast.NAKACK2/>
    <UNICAST/>
    <pbcast.STABLE/>
    <FRAG2/>
    <pbcast.GMS/>
</config>