
<!--
  Fast configuration for local mode, ie. all members reside on the same host. Setting ip_ttl to 0 means that
  no multicast packet will make it outside the local host.
  Therefore, this configuration will NOT work to cluster members residing on different hosts !

  Author: Bela Ban
-->

<config xmlns="urn:org:jgroups"
        xmlns:xsi="http://www.w3.org/2001/XMLSchema-instance"
        xsi:schemaLocation="urn:org:jgroups http://www.jgroups.org/schema/JGroups-3.1.xsd">
    <UDP
         mcast_port="${jgroups.udp.mcast_port:45588}"
         tos="8"
         ucast_recv_buf_size="20000000"
         ucast_send_buf_size="640000"
         mcast_recv_buf_size="25000000"
         mcast_send_buf_size="640000"
         loopback="false"
         max_bundle_size="64000"
         max_bundle_timeout="30"
         ip_ttl="${jgroups.udp.ip_ttl:0}"
         enable_bundling="true"
         enable_unicast_bundling="true"
         enable_diagnostics="true"
         thread_naming_pattern="cl"

         timer_type="old"
         timer.min_threads="4"
         timer.max_threads="10"
         timer.keep_alive_time="3000"
         timer.queue_max_size="500"

         thread_pool.enabled="true"
         thread_pool.min_threads="2"
         thread_pool.max_threads="8"
         thread_pool.keep_alive_time="5000"
         thread_pool.queue_enabled="true"
         thread_pool.queue_max_size="100000"
         thread_pool.rejection_policy="discard"

         oob_thread_pool.enabled="true"
         oob_thread_pool.min_threads="1"
         oob_thread_pool.max_threads="8"
         oob_thread_pool.keep_alive_time="5000"
         oob_thread_pool.queue_enabled="false"
         oob_thread_pool.queue_max_size="100"
         oob_thread_pool.rejection_policy="discard"/>

    <PING timeout="2000"
            num_initial_members="10"/>
    <MERGE3 max_interval="30000"
            min_interval="10000"/>
    <FD_SOCK/>
    <FD_ALL/>
    <VERIFY_SUSPECT timeout="1500"  />
    <BARRIER />
    <pbcast.NAKACK2 xmit_interval="1000"
                    xmit_table_num_rows="100"
                    xmit_table_msgs_per_row="2000"
                    xmit_table_max_compaction_time="30000"
                    max_msg_batch_size="500"
                    use_mcast_xmit="true"
                    discard_delivered_msgs="true" />
    <UNICAST2 max_bytes="20M"
              xmit_table_num_rows="100"
              xmit_table_msgs_per_row="1000"
              xmit_table_max_compaction_time="30000"
              max_msg_batch_size="500"/>
    <pbcast.STABLE stability_delay="1000" desired_avg_gossip="50000"
                   max_bytes="8m"/>
    <pbcast.GMS print_local_addr="true" join_timeout="3000"
                view_bundling="true"/>
    <UFC max_credits="2M"
         min_threshold="0.4"/>
    <MFC max_credits="2M"
         min_threshold="0.4"/>
    <FRAG2 frag_size="60000"  />
    <RSVP/>
    <!--pbcast.STATE /-->
    <pbcast.STATE_TRANSFER  />
    <!-- pbcast.FLUSH  /-->
</config>
