

<!--
TCP-based stack with IP multicast-based discovery
Author: Bela Ban
 -->

<config xmlns="urn:org:jgroups"
        xmlns:xsi="http://www.w3.org/2001/XMLSchema-instance"
        xsi:schemaLocation="urn:org:jgroups http://www.jgroups.org/schema/JGroups-3.1.xsd">
    <TCP bind_port="7800"
         sock_conn_timeout="500"/>
    <MPING receive_on_all_interfaces="true"
           mcast_port="7500"/>
    <MERGE2/>
    <FD_SOCK/>
    <FD/>
    <VERIFY_SUSPECT/>
    <pbcast.NAKACK2/>
    <UNICAST/>
    <pbcast.STABLE/>
    <pbcast.GMS/>
    <UFC/>
    <MFC/>
    <FRAG2/>
    <pbcast.STATE_TRANSFER />
</config>
