<?xml version='1.0' encoding='UTF-8'?>

<!--
    Sample configuration of multipe sites, to be used in RELAY2

    ****
    **** Note that the schema is still work-in-progress and might change between 3.2 and 3.3, as
    **** we're trying to simplify it
    ****
-->
<RelayConfiguration xmlns="urn:jgroups:relay:1.0">

    <sites>
        <site name="lon" id="0">
            <bridges>
                <bridge config="/home/bela/global.xml" name="global"/>
            </bridges>
        </site>

        <site name="nyc" id="1">
            <bridges>
                <bridge config="/home/bela/global.xml" name="global"/>
            </bridges>
        </site>

        <site name="sfo" id="2">
            <bridges>
                <bridge name="global" config="/home/bela/global.xml"/>
            </bridges>
        </site>
    </sites>
</RelayConfiguration>
