

	<!--
		************ JGroups Protocol Stack Configuration **************
	-->
	<!-- generated by XmlConfigurator on Mon Apr 26 11:26:18 PDT 2004 -->
	<!-- input file: tcpgossip.old.xml -->

<config xmlns="urn:org:jgroups" xmlns:xsi="http://www.w3.org/2001/XMLSchema-instance"
	xsi:schemaLocation="urn:org:jgroups http://www.jgroups.org/schema/JGroups-3.1.xsd">
	<TCP bind_port="7800"
		use_send_queues="true"
		sock_conn_timeout="300"/>
    <TCPGOSSIP initial_hosts="${jgroups.tunnel.gossip_router_hosts:localhost[12001]}"/>
    <MERGE2/>
    <FD/>
    <VERIFY_SUSPECT/>
    <pbcast.NAKACK2 use_mcast_xmit="false"/>
    <UNICAST/>
    <pbcast.STABLE/>
    <pbcast.GMS/>
    <UFC/>
    <MFC/>
    <FRAG2/>
</config>
