

<!-- ************ JGroups Protocol Stack Configuration ************** -->
<!-- generated by XmlConfigurator on Mon Apr 26 11:26:20 PDT 2004 -->
<!-- input file: tunnel.old.xml -->

<config xmlns="urn:org:jgroups"
        xmlns:xsi="http://www.w3.org/2001/XMLSchema-instance"
        xsi:schemaLocation="urn:org:jgroups http://www.jgroups.org/schema/JGroups-3.1.xsd">
  
    <TUNNEL gossip_router_hosts="${jgroups.tunnel.gossip_router_hosts:localhost[12001]}" enable_bundling="false"/>
    <PING/>
    <MERGE2/>
    <FD/>
    <VERIFY_SUSPECT/>
    <pbcast.NAKACK2 use_mcast_xmit="false"/>
    <UNICAST/>
    <pbcast.STABLE/>
    <pbcast.GMS/>
    <UFC/>
    <MFC/>
    <FRAG2/>
    <pbcast.STATE_TRANSFER/>
    <pbcast.FLUSH timeout="2000"/>
</config>
